,Ano,Centro,Mes,Semana,Data Avaliação,NPS,Categoria,final_text,Classificacao
0,2024,L5082-VILA ANDRADE (1346),jan,1,2024-01-01,Detrator,Variedade dos Produtos,maior variedade não tinha tudo procurava apesar muitas opções,promotor
1,2024,L5082-VILA ANDRADE (1346),jan,1,2024-01-02,Neutro,Nada a Declarar,nada declarar,promotor
2,2024,L5082-VILA ANDRADE (1346),jan,1,2024-01-02,Positivo,Nada a Declarar,tudo certinho enquanto tah ótimo,promotor
3,2024,L5082-VILA ANDRADE (1346),jan,1,2024-01-02,Detrator,Estoque,procurei paleta cabrito ms swift nao tem,neutro
4,2024,L5082-VILA ANDRADE (1346),jan,1,2024-01-03,Positivo,Variedade dos Produtos,sempre bem atendida nesta loja,promotor
5,2024,L5082-VILA ANDRADE (1346),jan,1,2024-01-05,Detrator,Estoque,apenas gostaria saber motivo escolher loja efetuar retirar pedido não aparece loja panamby lado casa tenho retirar loja vila andrade podem esclarecer favor obrigado,promotor
6,2024,L5082-VILA ANDRADE (1346),jan,1,2024-01-06,Detrator,Preço,preço,neutro
7,2024,L5082-VILA ANDRADE (1346),jan,2,2024-01-08,Positivo,Atendimento,adoro marca estratégia preço atendimento continuem nessa linha facilitar vida pessoas porém qualidade,promotor
8,2024,L5082-VILA ANDRADE (1346),jan,2,2024-01-08,Positivo,Variedade dos Produtos,ter produtos promoção,promotor
9,2024,L5082-VILA ANDRADE (1346),jan,2,2024-01-09,Positivo,Atendimento,atendimento equipe diferenciado,promotor
10,2024,L5082-VILA ANDRADE (1346),jan,2,2024-01-14,Positivo,Estoque,adoooro atendimento maravilhoso,promotor
11,2024,L5082-VILA ANDRADE (1346),jan,3,2024-01-15,Positivo,Outros,tudo excelente comentarios,promotor
12,2024,L5082-VILA ANDRADE (1346),jan,3,2024-01-17,Detrator,Acesso,`` abrir '' nova lojas sp exemplo rio janeiro,promotor
13,2024,L5082-VILA ANDRADE (1346),jan,3,2024-01-17,Detrator,Variedade dos Produtos,bifes carne bovina melhores não concordo peso não 1kg carne apresenta muitos nervos inclusive bifes alcatra compro raramente tipo carne custo x beneficio não melhores preços tbém aumentaram açougue carne apresenta redução preço swift dificilmente bem melhor,neutro
14,2024,L5082-VILA ANDRADE (1346),jan,3,2024-01-18,Positivo,Outros,melhorar preços,promotor
15,2024,L5082-VILA ANDRADE (1346),jan,3,2024-01-18,Positivo,Estoque,ofertar `` panelinhas tigelinhas '' vazias vindas fábrica produtos `` prontos consumo '' brinde clientes fidelizados,promotor
16,2024,L5082-VILA ANDRADE (1346),jan,3,2024-01-18,Detrator,Estoque,qdo falta vários produtos,promotor
17,2024,L5082-VILA ANDRADE (1346),jan,3,2024-01-18,Positivo,Limpeza,top demais loja,promotor
18,2024,L5082-VILA ANDRADE (1346),jan,3,2024-01-19,Detrator,Variedade dos Produtos,cortes acém picado hora coloca panela diminui.na verdade some,neutro
19,2024,L5082-VILA ANDRADE (1346),jan,4,2024-01-26,Detrator,Estoque,nada tudo ótimo todos parabéns loja vila andrade,promotor
20,2024,L5082-VILA ANDRADE (1346),jan,5,2024-01-29,Positivo,Estoque,ainda ha pratos prontos podemos criados,promotor
21,2024,L5082-VILA ANDRADE (1346),jan,5,2024-01-29,Detrator,Variedade dos Produtos,faltou produtos veganos loja onde,promotor
22,2024,L5082-VILA ANDRADE (1346),jan,5,2024-01-29,Positivo,Variedade dos Produtos,gostamos unidade vila andrade,promotor
23,2024,L5082-VILA ANDRADE (1346),jan,5,2024-01-29,Detrator,Estoque,preço kg acima mercado,promotor
24,2024,L5082-VILA ANDRADE (1346),fev,5,2024-02-01,Neutro,Estoque,não ruim forma sempre bom continuar busca melhoria procurando diversificar pouco linha produtos sempre ter promoções preços,promotor
25,2024,L5082-VILA ANDRADE (1346),fev,5,2024-02-01,Positivo,Preço,colocando vale refeição disponível forma pagamento,promotor
26,2024,L5082-VILA ANDRADE (1346),fev,5,2024-02-01,Neutro,Preço,promoções,promotor
27,2024,L5082-VILA ANDRADE (1346),fev,5,2024-02-01,Neutro,Preço,preço barato,promotor
28,2024,L5082-VILA ANDRADE (1346),fev,5,2024-02-01,Neutro,Preço,vcs aumentaram preço ante pouco melhor,neutro
29,2024,L5082-VILA ANDRADE (1346),fev,5,2024-02-01,Neutro,Site,precisa ajustar site app efetuar pedidos whatapp eficiente,neutro
30,2024,L5082-VILA ANDRADE (1346),fev,5,2024-02-02,Positivo,Limpeza,nada acrescentar adoro,promotor
31,2024,L5082-VILA ANDRADE (1346),fev,6,2024-02-08,Positivo,Atendimento,continuar variedade oferecer receitas,promotor
32,2024,L5082-VILA ANDRADE (1346),fev,7,2024-02-12,Detrator,Estoque,"comprei peça carne assar metade gordura pura 65,00 pro lixo",neutro
33,2024,L5082-VILA ANDRADE (1346),fev,7,2024-02-13,Positivo,Nada a Declarar,olá tudo bem ótimo atendentes supr 10,promotor
34,2024,L5082-VILA ANDRADE (1346),fev,7,2024-02-14,Detrator,Estoque,dia lá tinha muita falta produto,promotor
35,2024,L5082-VILA ANDRADE (1346),fev,7,2024-02-16,Positivo,Atendimento,sempre ótimo atendimento,promotor
36,2024,L5082-VILA ANDRADE (1346),fev,7,2024-02-18,Positivo,Estoque,divulgar toda semana oferta instagram facebook,promotor
37,2024,L5082-VILA ANDRADE (1346),fev,7,2024-02-18,Detrator,Estoque,tive problema paguei taxon entregue rápido pq visita acabou não entregue dia acabei cancelando,detrator
38,2024,L5082-VILA ANDRADE (1346),fev,8,2024-02-20,Neutro,Preço,promoções,promotor
39,2024,L5082-VILA ANDRADE (1346),fev,9,2024-02-28,Detrator,Acesso,`` poderia enviar frete grátis ``,promotor
40,2024,L5082-VILA ANDRADE (1346),fev,9,2024-02-28,Detrator,Estoque,`` sent enganada comprei pacote camarão eviscerado portanto caro surpresa camarão não eviscerado sent enganada '',detrator
41,2024,L5082-VILA ANDRADE (1346),fev,9,2024-02-28,Detrator,Estoque,`` pedido chegou 2 horas atraso pq liguei 2 vezes reclamar atraso terceira ligação qnd falei queria cancelar gerado pedido uber entrega. ``,detrator
42,2024,L5082-VILA ANDRADE (1346),fev,9,2024-02-29,Positivo,Estoque,`` gosto tudo swift confio grata. ``,promotor
43,2024,L5082-VILA ANDRADE (1346),mar,9,2024-03-01,Positivo,Estoque,`` atendimento bom.opções variadas.valores intermediário gosto produtos ``,promotor
44,2024,L5082-VILA ANDRADE (1346),mar,9,2024-03-01,Positivo,Atendimento,`` bem atendido '',promotor
45,2024,L5082-VILA ANDRADE (1346),mar,9,2024-03-01,Positivo,Variedade dos Produtos,colocar parcelamentos compras,promotor
46,2024,L5082-VILA ANDRADE (1346),mar,9,2024-03-01,Positivo,Preço,combo promoções acessíveis,promotor
47,2024,L5082-VILA ANDRADE (1346),mar,10,2024-03-04,Positivo,Estoque,pode melhorar reduzindo valor carnes continuar excelente qualidade produtos serviços atendimento,promotor
48,2024,L5082-VILA ANDRADE (1346),mar,10,2024-03-05,Detrator,Variedade dos Produtos,vendendo ovos caipiras daí encontro toda proteínas único lugar,promotor
49,2024,L5082-VILA ANDRADE (1346),mar,10,2024-03-07,Positivo,Atendimento,loja impecável organização atendimento bom vim aqui,promotor
50,2024,L5082-VILA ANDRADE (1346),mar,10,2024-03-10,Positivo,Outros,melhorar navegação,neutro
51,2024,L5082-VILA ANDRADE (1346),mar,11,2024-03-11,Positivo,Limpeza,10 loja,promotor
52,2024,L5082-VILA ANDRADE (1346),mar,11,2024-03-11,Positivo,Outros,continuem assim ótimo prático bom precinho melhorar não tem pra ninguém,promotor
53,2024,L5082-VILA ANDRADE (1346),mar,11,2024-03-11,Detrator,Estoque,descontos clientes cadastrados exemplo app desconto ativar desconto sai caixa,promotor
54,2024,L5082-VILA ANDRADE (1346),mar,11,2024-03-11,Neutro,Estoque,amo produtos poderia serem baratos,promotor
55,2024,L5082-VILA ANDRADE (1346),mar,11,2024-03-11,Positivo,Atendimento,loja organizada limpa atendentes sempre prestativos,promotor
56,2024,L5082-VILA ANDRADE (1346),mar,11,2024-03-11,Positivo,Atendimento,ótimo atendimento agilidade eficiência trabalho prestado,promotor
57,2024,L5082-VILA ANDRADE (1346),mar,11,2024-03-13,Detrator,Preço,cupom desconto,promotor
58,2024,L5082-VILA ANDRADE (1346),mar,11,2024-03-14,Neutro,Variedade dos Produtos,melhorar preciso diminuir taxon entrega cep próximos algumas lojas,promotor
59,2024,L5082-VILA ANDRADE (1346),mar,12,2024-03-18,Neutro,Variedade dos Produtos,melhoras preços possível,promotor
60,2024,L5082-VILA ANDRADE (1346),mar,12,2024-03-21,Positivo,Estoque,bom preço boa qualidade todos vao gostar comprar,promotor
61,2024,L5082-VILA ANDRADE (1346),mar,12,2024-03-21,Positivo,Estoque,compro freezer dentro pão açúcar procurei loja achando preço melhor… item achei vantajoso funcionários repondo estoques caixas espalhadas loja “ delicadeza ” … parecia obra construção civil…,detrator
62,2024,L5082-VILA ANDRADE (1346),mar,12,2024-03-22,Detrator,Estoque,ultimamente tenho decepcionado produtos swift .. maioria situação congelado descongelado,detrator
63,2024,L5082-VILA ANDRADE (1346),mar,12,2024-03-24,Positivo,Atendimento,ótimo atendimento,promotor
64,2024,L5082-VILA ANDRADE (1346),mar,13,2024-03-26,Neutro,Variedade dos Produtos,observação recorrente disposição produtos churrasco lojas ainda confusa não tem seguido padrão 3 lojas uso frequencia precisa intuitivo outro lado voltei encotrar produtos ante tinham sumido assado tira gran reserva,promotor
65,2024,L5082-VILA ANDRADE (1346),mar,13,2024-03-26,Detrator,Estoque,swift ofereceu 20 reais desconto primeira compra não tive desconto,neutro
66,2024,L5082-VILA ANDRADE (1346),mar,13,2024-03-26,Detrator,Estoque,qualidade carne péssima cheia nervo,detrator
67,2024,L5082-VILA ANDRADE (1346),mar,13,2024-03-28,Detrator,Variedade dos Produtos,creio pacotes carne usam pedacinhos compor peso pedaços não servem nada creio quer deveria feito costa precisos não ter situação,promotor
68,2024,L5082-VILA ANDRADE (1346),mar,13,2024-03-28,Positivo,Estoque,momento não tenho reclamações efetuei três pedidos veio tudo certinho encantada cuidado vem produtos bem embalados indiquei 3 pessoas próximas comprando também.,promotor
69,2024,L5082-VILA ANDRADE (1346),mar,13,2024-03-28,Positivo,Atendimento,qualidade excelente salve neguinho qualquer dia apareço aí,promotor
70,2024,L5082-VILA ANDRADE (1346),mar,13,2024-03-28,Detrator,Estoque,não recebi ainda produtos adquiridos pagos tem 2 dia,detrator
71,2024,L5082-VILA ANDRADE (1346),mar,13,2024-03-31,Positivo,Estoque,primeira compra feita site nota 1000 entrega dia horário pontual certeza irei comprar vezes,promotor
72,2024,L5082-VILA ANDRADE (1346),mar,13,2024-03-31,Neutro,Variedade dos Produtos,acredito poderia ter maior variedade comidas prontas individuais,neutro
73,2024,L5082-VILA ANDRADE (1346),abr,14,2024-04-03,Detrator,Outros,não precisa melhorar´está otima,promotor
74,2024,L5082-VILA ANDRADE (1346),abr,14,2024-04-03,Neutro,Estoque,coordenar melhor entrega poi precisei ligar pedir produtos entregues site descrito entrega dia util aparentemente tentaram fazer domingo pascoa não tentaram novamente precisei solicitar,detrator
75,2024,L5082-VILA ANDRADE (1346),abr,14,2024-04-04,Neutro,Preço,preço menores,promotor
76,2024,L5082-VILA ANDRADE (1346),abr,14,2024-04-06,Positivo,Outros,loja geralmente frequento sempre tem tudo ordem forma visível prático não precisa melhorar nada não,promotor
77,2024,L5082-VILA ANDRADE (1346),abr,14,2024-04-07,Positivo,Atendimento,criando programa fidelização acumulando pontos cashback,promotor
78,2024,L5082-VILA ANDRADE (1346),abr,15,2024-04-08,Positivo,Atendimento,podiam aceitar cartão refeição ajudaria,detrator
79,2024,L5082-VILA ANDRADE (1346),abr,15,2024-04-08,Detrator,Preço,poderiam baixar preços poi alto,detrator
80,2024,L5082-VILA ANDRADE (1346),abr,15,2024-04-10,Detrator,Estoque,poderiámos parcelar compras cartão crédito,promotor
81,2024,L5082-VILA ANDRADE (1346),abr,15,2024-04-11,Detrator,Estoque,compra cancelada não tive estorno ainda não respondem deixam falando whatsapp passando outro falta respeito cliente,detrator
82,2024,L5082-VILA ANDRADE (1346),abr,16,2024-04-15,Detrator,Estoque,nada declarar enquanto,promotor
83,2024,L5082-VILA ANDRADE (1346),abr,16,2024-04-15,Detrator,Estoque,optei pagamento entrega rápida 3 horas recebi pedido dia seguinte qualidade produto boa oferecido não entregue,detrator
84,2024,L5082-VILA ANDRADE (1346),abr,16,2024-04-16,Positivo,Preço,bons produtos bons preços,promotor
85,2024,L5082-VILA ANDRADE (1346),abr,16,2024-04-18,Positivo,Preço,melhores promoções,promotor
86,2024,L5082-VILA ANDRADE (1346),abr,17,2024-04-22,Positivo,Estoque,honestamente totalmente fã swift levou possibilidade todos preços bons produtos qualidade nada reclamar,promotor
87,2024,L5082-VILA ANDRADE (1346),abr,17,2024-04-23,Positivo,Variedade dos Produtos,criar fidelidade melhor tipos quanto compras gera cashback troca produtos bolsas térmicas kit etc,promotor
88,2024,L5082-VILA ANDRADE (1346),abr,17,2024-04-23,Detrator,Acesso,mandando mimos kk,promotor
89,2024,L5082-VILA ANDRADE (1346),abr,17,2024-04-24,Positivo,Estoque,segurança loja,promotor
90,2024,L5082-VILA ANDRADE (1346),mai,18,2024-05-02,Detrator,Estoque,entregas demorando tive pedido fiz manhã entregaram noite tentei falar dia todo suporte não tive resposta,detrator
91,2024,L5082-VILA ANDRADE (1346),mai,18,2024-05-05,Positivo,Estoque,aumentar variedade produtos prontos,promotor
92,2024,L5082-VILA ANDRADE (1346),mai,18,2024-05-05,Positivo,Preço,melhorando ainda preços,promotor
93,2024,L5082-VILA ANDRADE (1346),mai,19,2024-05-06,Neutro,Estoque,observar produtos expostos etiqueta preço correto poi induz cliente pegar produto confundir preço,neutro
94,2024,L5082-VILA ANDRADE (1346),mai,19,2024-05-07,Detrator,Estoque,app problemas consegui fazer pedido whatsapp,neutro
95,2024,L5082-VILA ANDRADE (1346),mai,19,2024-05-07,Detrator,Estoque,sempre comprei enunca tive problema porem ultimo pedido realizado não recebi entrei contato via e-mail whats porem retorno algum existe canal `` resolve '' não funciona não dão importancia alguma cliente,detrator
96,2024,L5082-VILA ANDRADE (1346),mai,19,2024-05-10,Positivo,Estoque,toda vez vou atendentes abastecendo prateleiras tempo clientes tentam comprar acabam atrapalhando pouco experiência,promotor
97,2024,L5082-VILA ANDRADE (1346),mai,19,2024-05-10,Positivo,Nada a Declarar,tudo ok,promotor
98,2024,L5082-VILA ANDRADE (1346),mai,20,2024-05-16,Positivo,Estoque,parcelar cartão excelente,promotor
99,2024,L5082-VILA ANDRADE (1346),mai,20,2024-05-17,Positivo,Variedade dos Produtos,disponibilizar promoções clientes cadastrados,promotor
100,2024,L5082-VILA ANDRADE (1346),mai,20,2024-05-17,Detrator,Variedade dos Produtos,tem cara fica porta pedindo comida dinheiro tem baseado maconha mão pra droga tem dinheiro acaba deixando constrangido medo,neutro
101,2024,L5082-VILA ANDRADE (1346),mai,20,2024-05-17,Detrator,Estoque,realizar entrega 4 horas compra utilizando serviço motoboy duas vezes consecutivas entrega ocorreu quase 12 horas entregador bastante mal educado recusou entrar condomínio precisei informar não entrasse iria cancelar compra entregue,detrator
102,2024,L5082-VILA ANDRADE (1346),mai,20,2024-05-18,Detrator,Variedade dos Produtos,existe observação hora entrega não feita pro mim não peço entregador suba apto tb o.kotoqurio diz endereço mandou outro número qdo vejo cadastro td ok. tem machuquei diversas vezes grampos colocados fechar sacola papelão mesma sempre chega alça estourada devido peso,promotor
103,2024,L5082-VILA ANDRADE (1346),mai,20,2024-05-18,Positivo,Estoque,excelente,promotor
104,2024,L5082-VILA ANDRADE (1346),mai,20,2024-05-18,Detrator,Variedade dos Produtos,retirada loja demora pouco atendentes falam porque tem muitos pedidos precisam organizar melhor,promotor
105,2024,L5082-VILA ANDRADE (1346),mai,20,2024-05-18,Detrator,Nada a Declarar,tudo ótimo,promotor
106,2024,L5082-VILA ANDRADE (1346),mai,20,2024-05-18,Detrator,Estoque,segunda fez compro carne vcs péssimo primeiro contra filé agora picanha fiquei chateada dia mães carne horrível,detrator
107,2024,L5082-VILA ANDRADE (1346),mai,20,2024-05-19,Detrator,Atendimento,atendimento pós compra terrível demoram dia pra responder dia resolver problema,neutro
108,2024,L5082-VILA ANDRADE (1346),mai,21,2024-05-24,Neutro,Variedade dos Produtos,gostaria dizer relação atendimento caixas unidade sito rua jose silva ribeiro vila andrade morumbi geralmente fica funcionando.num dia esperei normal tempo cliente frente médio volume compras terminar nao tenha filum enorme bom atendimento rápido prático questionei falta caixa preferencial infelizmente colaborador não tinha informação correta obrigatório não opcional legislação placa indicativa outra questão gostaria ressaltar sobre reposição pão integral tem muita demanda disse colaborador caixa interessante volume maior reposição atenciosamente,detrator
109,2024,L5082-VILA ANDRADE (1346),mai,22,2024-05-27,Detrator,Estoque,não saberia recomendar melhorias neste momento talvez facilitar parcelamento 2 parcelas cartão crédito compras acima 50 reais,promotor
110,2024,L5082-VILA ANDRADE (1346),mai,22,2024-05-27,Positivo,Estoque,necessário segurança segurança coibir furtos assédio pedintes clientes,promotor
111,2024,L5082-VILA ANDRADE (1346),mai,22,2024-05-28,Neutro,Atendimento,poderia oferecer amostras produtos recém-lançados unidades,promotor
112,2024,L5082-VILA ANDRADE (1346),mai,22,2024-05-29,Detrator,Variedade dos Produtos,tem picanha nova preço atraente qualidade horrível vcs irão acabar reputação tira picanha mercado rótulo vermelho não lembro nome tem nome última compra,detrator
113,2024,L5082-VILA ANDRADE (1346),mai,22,2024-05-31,Detrator,Estoque,`` acho dando desconto produtos ``,promotor
114,2024,L5082-VILA ANDRADE (1346),jun,23,2024-06-03,Positivo,Estoque,programa pontos cashback,promotor
115,2024,L5082-VILA ANDRADE (1346),jun,23,2024-06-04,Neutro,Preço,`` preço vcs melhor hj não tem diferença concorrentes '',promotor
116,2024,L5082-VILA ANDRADE (1346),jun,23,2024-06-04,Detrator,Estoque,ultima peça picanha comprei dura intragável primeira vez ocorre,promotor
117,2024,L5082-VILA ANDRADE (1346),jun,23,2024-06-05,Neutro,Variedade dos Produtos,achei prudente iniciativa moça ver filum somente caixa ir imediatamente outro caixa reduzir filum,neutro
118,2024,L5082-VILA ANDRADE (1346),jun,23,2024-06-06,Detrator,Atendimento,aplicativo vezes tem produtos iguais preços diferentes preciso várias tentativas finalizar compra último pedido veio faltando 2 itens telefone swift resolve diz aplicativo funciona domingo 15 não verdade reenviaram itens faltavam versão normal pedido apimentada,neutro
119,2024,L5082-VILA ANDRADE (1346),jun,23,2024-06-06,Detrator,Estoque,item referente peixe porquinho estragado,detrator
120,2024,L5082-VILA ANDRADE (1346),jun,24,2024-06-10,Neutro,Estoque,pra mim tudo ótimo gosto loja variedade atendimento poderiam ter cash back próximas compras,promotor
121,2024,L5082-VILA ANDRADE (1346),jun,24,2024-06-10,Positivo,Preço,fazendo promoçoes pontuais preços imbatíveis,neutro
122,2024,L5082-VILA ANDRADE (1346),jun,24,2024-06-11,Neutro,Variedade dos Produtos,acho deveria ter mesma variedade tds lojas,promotor
123,2024,L5082-VILA ANDRADE (1346),jun,24,2024-06-11,Detrator,Estoque,olá dessa vez experiência não boa entregador negou entrar condominio entrega horário paguei frete 12. aí chega não quer entrar tive ligar fazer reclamação aí tiveram esperar devolução produtos fazer joia entrega aí segunda deu certo cara entregador talvez primeira vez gostaria avisada caso não entrando condomínio poi não compro,neutro
124,2024,L5082-VILA ANDRADE (1346),jun,24,2024-06-12,Detrator,Variedade dos Produtos,voltar vender calabresa cuiabana seara,promotor
125,2024,L5082-VILA ANDRADE (1346),jun,24,2024-06-14,Positivo,Outros,tudo top não precisa melhorar nada ️,promotor
126,2024,L5082-VILA ANDRADE (1346),jun,24,2024-06-14,Positivo,Variedade dos Produtos,sheyla fez bom atendimento,neutro
127,2024,L5082-VILA ANDRADE (1346),jun,25,2024-06-18,Detrator,Estoque,efetuei compra faltaram doi itens havia pacote estoque outro não tinha estoque neste caso ideal app permite sei lá 30 min escolher outro produto via whatsapp informaram tentativa contato via telefone não ocorreu via whatsapp perguntar poderia substituir informado podem retirar itens aí vem controvérsia item tinha pacote havia comprado doi removeram pedido adicionaram novamente unidade,neutro
128,2024,L5082-VILA ANDRADE (1346),jun,25,2024-06-18,Detrator,Estoque,costumava comprar picanha suina temperada .. mesma mesma marca vendem pancetta costela pernil todos preço acessivel suficiente ganhar fidelidade algum momento introduziram picanha suína alho marca própria preço alto não necessariamente melhor não satisfeitos retiraram picanha suína acessível prateleiras pena defumo picanhas amigo costumava comprar 3 vez .. última vez tentei encontrar versão conta poi não disposto comprar quase 50 % caro produto igual geralmente mal embalado .... comentários relação atitude retirar produto concorrente detrimento marca própria inferior retirando assim poder cliente escolher .. caso escolho ir comprar produtos outro lugar .. visitas loja swift bem menos frequentes acabo não comprando outros produtos caros ..,detrator
129,2024,L5082-VILA ANDRADE (1346),jun,25,2024-06-19,Positivo,Estoque,mantendo sempre qualidade preços produtos,promotor
130,2024,L5082-VILA ANDRADE (1346),jun,25,2024-06-21,Positivo,Preço,fazer promoções,promotor
131,2024,L5082-VILA ANDRADE (1346),jun,25,2024-06-21,Neutro,Atendimento,pessoal atendimento efucados,promotor
132,2024,L5082-VILA ANDRADE (1346),jun,25,2024-06-21,Detrator,Estoque,achei bife patinho 1kg duro sendo carne macia,neutro
133,2024,L5082-VILA ANDRADE (1346),jun,26,2024-06-24,Positivo,Preço,dando descontos verdade clube fidelidade,promotor
134,2024,L5082-VILA ANDRADE (1346),jun,26,2024-06-24,Neutro,Preço,descontos cliente vip ️,promotor
135,2024,L5082-VILA ANDRADE (1346),jun,26,2024-06-25,Positivo,Estoque,fazendo promoção produtos excelente,promotor
136,2024,L5082-VILA ANDRADE (1346),jun,26,2024-06-25,Positivo,Estoque,não tenho sugestão acho empresa impecável,promotor
137,2024,L5082-VILA ANDRADE (1346),jun,26,2024-06-26,Detrator,Outros,carnes c mta gordura sopas c mto sódio preço nd acessíveis segurança,neutro
138,2024,L5082-VILA ANDRADE (1346),jun,26,2024-06-29,Positivo,Atendimento,início lojas rua swift comprava vi qualidade diminuindo preço aumentando parei comprar… voltei agora tentativa ótima experiência… produtos boa qualidade preços competitivos… gostei,promotor
139,2024,L5082-VILA ANDRADE (1346),jun,26,2024-06-30,Positivo,Variedade dos Produtos,adoro produtos apresentação mesmos parabéns,promotor
140,2024,L5082-VILA ANDRADE (1346),jul,27,2024-07-01,Detrator,Outros,não precisa melhorar nada parra mim ótimo,promotor
141,2024,L5082-VILA ANDRADE (1346),jul,27,2024-07-01,Neutro,Preço,preços conta,promotor
142,2024,L5082-VILA ANDRADE (1346),jul,27,2024-07-02,Positivo,Estoque,nada declarar excelente tudo,promotor
143,2024,L5082-VILA ANDRADE (1346),jul,27,2024-07-02,Positivo,Preço,melhorando preços,neutro
144,2024,L5082-VILA ANDRADE (1346),jul,27,2024-07-03,Positivo,Preço,melhores preços,promotor
145,2024,L5082-VILA ANDRADE (1346),jul,27,2024-07-03,Neutro,Atendimento,atendimento loja deixa desejar pessoal sempre cara fechada parece ali obrigação,promotor
146,2024,L5082-VILA ANDRADE (1346),jul,27,2024-07-03,Detrator,Estoque,nao entregaram produtos completo horrivel,detrator
147,2024,L5082-VILA ANDRADE (1346),jul,27,2024-07-03,Detrator,Estoque,tendo entrega própria tive problemas entrega 3 vezes agora falaram entregaram não recebi nada estorno,detrator
148,2024,L5082-VILA ANDRADE (1346),jul,27,2024-07-05,Positivo,Preço,fazer promoções,promotor
149,2024,L5082-VILA ANDRADE (1346),jul,27,2024-07-05,Detrator,Estoque,nao entendo porque descontinuar massas otimas .... espero dia voltem .... praticas saborosas preço justo,promotor
150,2024,L5082-VILA ANDRADE (1346),jul,27,2024-07-05,Detrator,Variedade dos Produtos,não gostei almôndega não tem gosto nenhum tipo carne não tem tempero gosto,neutro
151,2024,L5082-VILA ANDRADE (1346),jul,28,2024-07-10,Neutro,Acesso,aumentando porções doces sobremesas r,promotor
152,2024,L5082-VILA ANDRADE (1346),jul,28,2024-07-10,Detrator,Estoque,produtos faltando ter reposição loja acima citada,promotor
153,2024,L5082-VILA ANDRADE (1346),jul,28,2024-07-10,Positivo,Estoque,atendimento ficou desejar,neutro
154,2024,L5082-VILA ANDRADE (1346),jul,28,2024-07-10,Detrator,Estoque,"carne moida 1 kg 20,00 péssimo produto digno estragar receitas",detrator
155,2024,L5082-VILA ANDRADE (1346),jul,28,2024-07-11,Positivo,Estoque,maravilhosos amo produtos,promotor
156,2024,L5082-VILA ANDRADE (1346),jul,28,2024-07-12,Positivo,Acesso,entrega,detrator
157,2024,L5082-VILA ANDRADE (1346),jul,28,2024-07-12,Detrator,Estoque,não atendimento sinceramente empresa tem dificuldade trabalhar venda online maioria pedidos realizei site deram problema algo pra facilitar sempre tenho abrir chamado último pedido veio faltando doi itens entrei contato dado solução entrega 2 dia não ocorreu entrei contaro novamente passar vários dia item optei devolução valor momento não aconteceu novamente terei reclamar algo paguei tentei solucionar duas vezes não conseguiram atender diga todo rolo comentei acima podemos considerar boa experiência dirá indicar amigo podemos repensar inimigo né sinto informar precisam evoluir querer entrar nesse mercado produtos bons atendimento loja física ótimo não podemos contar compra site,detrator
158,2024,L5082-VILA ANDRADE (1346),jul,28,2024-07-14,Detrator,Atendimento,peixe veio pedaços finíssimos praticamente desmanchou feito ossobuco veio praticamente carne 80 % apenas osso mal deu porção juntando 2 vem embalagem,detrator
159,2024,L5082-VILA ANDRADE (1346),jul,29,2024-07-15,Positivo,Estoque,satisfeita,promotor
160,2024,L5082-VILA ANDRADE (1346),jul,29,2024-07-15,Neutro,Estoque,atenção qualidade produtos enviados cliente obrigada,promotor
161,2024,L5082-VILA ANDRADE (1346),jul,29,2024-07-15,Positivo,Estoque,vendendo carne boa enganar consumidor,detrator
162,2024,L5082-VILA ANDRADE (1346),jul,29,2024-07-19,Positivo,Atendimento,deixar preços acessíveis realidade povo brasileiro,promotor
163,2024,L5082-VILA ANDRADE (1346),jul,30,2024-07-23,Positivo,Nada a Declarar,bom melhorando preço entrega sempre melhor todos,promotor
164,2024,L5082-VILA ANDRADE (1346),jul,30,2024-07-23,Detrator,Preço,`` baixar preços '',neutro
165,2024,L5082-VILA ANDRADE (1346),jul,30,2024-07-24,Positivo,Nada a Declarar,`` tudo perfeito ``,promotor
166,2024,L5082-VILA ANDRADE (1346),jul,30,2024-07-24,Detrator,Variedade dos Produtos,poderiam fazer algumas promoções vez qdo não criar tantas restrições entrega alguns produtos domicílio,promotor
167,2024,L5082-VILA ANDRADE (1346),jul,30,2024-07-24,Detrator,Estoque,desconexão entrega comunicação algo horrível realizei compra entregar mãe primeiro não entregue data estipulada segundo recebi mensagem não conseguiram entregar data combinada tentariam entregar ainda dia conveniente mim acontece segundo recebi msg pedido chegou falha desnecessária concordam,neutro
168,2024,L5082-VILA ANDRADE (1346),jul,30,2024-07-24,Detrator,Estoque,infelizmente entrega atraso 0k,neutro
169,2024,L5082-VILA ANDRADE (1346),jul,30,2024-07-24,Detrator,Estoque,encomoda pessoas porta loja pedindo produtos ficam bravo qdo nao ganham nada chato pessoas fortes trabalhar ficam enchendo paciencia cliente,neutro
170,2024,L5082-VILA ANDRADE (1346),jul,30,2024-07-25,Detrator,Variedade dos Produtos,necessário ter itens totais produtos swif nesta loja compra dia 23/07 não tinha todos temperos faz parte grade produtos,promotor
171,2024,L5082-VILA ANDRADE (1346),jul,30,2024-07-27,Detrator,Estoque,havia placa mencionando oferta produto porém gôndola havia produto semelhante peso errado maior caro faltando produto loja pão queijo coquetel frango desfiado atendentes bastante atenciosos sobre não tenho reclamação,promotor
172,2024,L5082-VILA ANDRADE (1346),jul,30,2024-07-28,Positivo,Estoque,satisfeito atendimento entrega swift,promotor
173,2024,L5082-VILA ANDRADE (1346),jul,31,2024-07-29,Positivo,Estoque,confio plenamente produtos,promotor
174,2024,L5082-VILA ANDRADE (1346),jul,31,2024-07-29,Detrator,Variedade dos Produtos,deveriam fazer algumas promoções ...............,promotor
175,2024,L5082-VILA ANDRADE (1346),jul,31,2024-07-31,Detrator,Nada a Declarar,nada poi perfeito,promotor
176,2024,L5082-VILA ANDRADE (1346),ago,31,2024-08-01,Detrator,Variedade dos Produtos,geralmente frequento unidade vila andrade frequentemente caminhão q faz reposição produtos parado utilizando diversas vagas estaciona transversal não dentro vagas muitas vezes não vaga estacionar vc entra dentro loja não clientes acho q alguém deveria cuidar melhor deste detalhe vezes q falta vagas não fiz compra lá zaffari q tem preços competitivos muitas vagas estacionamento,neutro
177,2024,L5082-VILA ANDRADE (1346),ago,32,2024-08-05,Neutro,Atendimento,olá produtos ótimos atendimento excelente preços não aumento toda semana chegou preço mercados onde cliente fidelidade tenho desconto então fácil comprar mercado tudo junto obrigada atenção,neutro
178,2024,L5082-VILA ANDRADE (1346),ago,32,2024-08-06,Neutro,Outros,aceitar vr,promotor
179,2024,L5082-VILA ANDRADE (1346),ago,32,2024-08-07,Positivo,Estoque,ter cartão exclusivo uso lojas,promotor
180,2024,L5082-VILA ANDRADE (1346),ago,32,2024-08-10,Neutro,Preço,preço baixo,promotor
181,2024,L5082-VILA ANDRADE (1346),ago,33,2024-08-12,Detrator,Estoque,`` menos produtos comprei ficou aquém esperado. ``,neutro
182,2024,L5082-VILA ANDRADE (1346),ago,33,2024-08-15,Detrator,Nada a Declarar,ainda nao recebi pedido apesar ter ligado duas vezes swift sempre prometem entregar dia seguinte,detrator
183,2024,L5082-VILA ANDRADE (1346),ago,33,2024-08-18,Positivo,Variedade dos Produtos,cumprindo obrigações tendo respeito consideração clientes,detrator
184,2024,L5082-VILA ANDRADE (1346),ago,34,2024-08-19,Detrator,Variedade dos Produtos,`` moro rua lojas vcs não têm tudo site loja física qdo peço entregar dizem não pode nesse endereço rua josé silva ribeiro ``,detrator
185,2024,L5082-VILA ANDRADE (1346),ago,34,2024-08-19,Detrator,Estoque,não cumpriram prazo entrega tive ligar efetuassem entrega demoraram 2 dia entregar não retornaram reclame aqui picanha fibrosa,detrator
186,2024,L5082-VILA ANDRADE (1346),ago,34,2024-08-23,Positivo,Variedade dos Produtos,melhoraria tempo entrega colocaria promoções,promotor
187,2024,L5082-VILA ANDRADE (1346),ago,34,2024-08-23,Detrator,Estoque,não vendendo barriga gordura saturada fazer banha recebi visita casa lisboa portugal recusaram comer produto enviado disse q lixo sei não publicado vou avaliar anônimo,detrator
188,2024,L5082-VILA ANDRADE (1346),ago,35,2024-08-27,Neutro,Estoque,tudo relativamente ordem queixas preço produtos ordinários bastante acima deveriam porém produtos premium parecem preços adequados,neutro
189,2024,L5082-VILA ANDRADE (1346),ago,35,2024-08-27,Detrator,Variedade dos Produtos,produtos caiu qualidade tem alguns produtos nunca acho vou loja,detrator
190,2024,L5082-VILA ANDRADE (1346),ago,35,2024-08-28,Positivo,Variedade dos Produtos,`` aumentar variedade sempre bom '',promotor
191,2024,L5082-VILA ANDRADE (1346),ago,35,2024-08-29,Positivo,Estoque,todo processo tem espaço melhorias,neutro
192,2024,L5082-VILA ANDRADE (1346),ago,35,2024-08-30,Detrator,Nada a Declarar,sugestões,promotor
193,2024,L5082-VILA ANDRADE (1346),set,36,2024-09-02,Neutro,Estoque,lançar massas conchiglione pouco caro acima medium,promotor
194,2024,L5082-VILA ANDRADE (1346),set,36,2024-09-02,Detrator,Estoque,ganhei crédito não consigo usar peguei carne pessima qualidade acho swift caiu,detrator
195,2024,L5082-VILA ANDRADE (1346),set,36,2024-09-03,Positivo,Estoque,ótimos produtos preços razoáveis entrega perfeito ......... parabéns,promotor
196,2024,L5082-VILA ANDRADE (1346),set,36,2024-09-05,Neutro,Variedade dos Produtos,produtos ótimos porém acho poderia melhorar pouco preços difícil comprar,promotor
197,2024,L5082-VILA ANDRADE (1346),set,36,2024-09-06,Detrator,Estoque,tem porções fracionadas 500grs valores superam 20 % kg concorrentes independente processo produção acondicionamento tanto abusivo preço,neutro
198,2024,L5082-VILA ANDRADE (1346),set,36,2024-09-06,Detrator,Estoque,tinha falado inúmeras outras vezes alguns produtos descongelados congelados,detrator
199,2024,L5082-VILA ANDRADE (1346),set,37,2024-09-10,Detrator,Variedade dos Produtos,gostaria vcs vendessem filé sobrecoxa pele coxa,promotor
200,2024,L5082-VILA ANDRADE (1346),set,37,2024-09-10,Detrator,Variedade dos Produtos,voltando descontos exclusivos pra cadastro porque não tem vantagem colocar,promotor
201,2024,L5082-VILA ANDRADE (1346),set,37,2024-09-10,Neutro,Estoque,melhorar logística poi tive item cancelado ante entrega falta estoque,detrator
202,2024,L5082-VILA ANDRADE (1346),set,37,2024-09-11,Detrator,Site,queria comprar coisas dia app bug excluindo produtos cesta fiquei medo não conseguir receber dia então comprei tinha conseguido incluir lista contra-file invés vir gordura veio nervo melhor,neutro
203,2024,L5082-VILA ANDRADE (1346),set,37,2024-09-13,Positivo,Estoque,gosto produtos,promotor
204,2024,L5082-VILA ANDRADE (1346),set,38,2024-09-16,Detrator,Estoque,colocando especialistas dar dica tipo não esperar cliente ir sim irem cliente pq produto expetacular,promotor
205,2024,L5082-VILA ANDRADE (1346),set,38,2024-09-16,Detrator,Estoque,não deixando cliente desejar falta alguns produtos,promotor
206,2024,L5082-VILA ANDRADE (1346),set,38,2024-09-16,Detrator,Estoque,pedido entregue incompleto faltou pacote filet mignon detalhe doi pedidos anteriores enviados entregador extraviados tive refazer pedido favor processar reembolso rogerio k hiramoto cof 216.536.438-89,detrator
207,2024,L5082-VILA ANDRADE (1346),set,38,2024-09-19,Detrator,Estoque,nota 9 porque após muitas entregas bem sucedidas ultima feita 14/09 sábado entrega 04 horas não ocorreu liguei sac pediram aguardar realmente não ocorreu domingo ate loja swift notifiquei ocorrido funcionário solicito verificou prontamente entregou pessoalmente pedido apesar inconveniente fiquei agradecida excelente atendimento loja,promotor
208,2024,L5082-VILA ANDRADE (1346),set,38,2024-09-20,Detrator,Variedade dos Produtos,entrega horrível chegou 24 h entregar 4 h complicou nunca compro indico,detrator
209,2024,L5082-VILA ANDRADE (1346),set,39,2024-09-23,Positivo,Estoque,gosto produtos swift entregaram prazo pessoa entregou super gentil,promotor
210,2024,L5082-VILA ANDRADE (1346),set,39,2024-09-23,Positivo,Atendimento,sempre ótimo atendimento,promotor
211,2024,L5082-VILA ANDRADE (1346),set,39,2024-09-23,Positivo,Outros,valores,promotor
212,2024,L5082-VILA ANDRADE (1346),set,39,2024-09-23,Detrator,Estoque,espetinho vendido péssimo carne péssima qualidade produto conservante,neutro
213,2024,L5082-VILA ANDRADE (1346),set,39,2024-09-23,Detrator,Estoque,fiz pedido entrega 4 horas recebi pedido 3 dia poi entregador sumiu pedido simplesmente não tive nenhum retorno swift teve grande falta consideração cliente poi deveriam ter resolvido ante não ter esperado 3 dia não tive nenhuma compensação vou pensar duas vezes ante pedir novamente recomendar alguém irei registar reclame aqui,detrator
214,2024,L5082-VILA ANDRADE (1346),set,39,2024-09-23,Neutro,Nada a Declarar,cliente reclamar receber resposta,detrator
215,2024,L5082-VILA ANDRADE (1346),set,39,2024-09-24,Positivo,Atendimento,gosto tudo atendimento valor qualidade atendentes educados parabéns,promotor
216,2024,L5082-VILA ANDRADE (1346),set,39,2024-09-27,Positivo,Estoque,bom dia faz tempo vou loja vendo cada vez menos produtos premium gran reserva fraudinhas acho valido dar toque não terei ir outra unidade portal morumbi pouco longe tem maior variedade obrigado,neutro
217,2024,L5082-VILA ANDRADE (1346),set,39,2024-09-29,Detrator,Preço,preços acessíveis ️,promotor
218,2024,L5082-VILA ANDRADE (1346),out,40,2024-10-01,Neutro,Estoque,fazendo algumas promoções combo produtos ..........,promotor
219,2024,L5082-VILA ANDRADE (1346),out,40,2024-10-01,Neutro,Estoque,entrega excelente problema swift não permite agendamento horário não precisa horário específico pode exemplo período manhã 09:00 12:00 tarde 12:00 18:00 dificulta dizer entrega 01 dia útil tem períodos não tenho ninguém casa receber não correr risco muitas vezes deixo comprar vcs,neutro
220,2024,L5082-VILA ANDRADE (1346),out,40,2024-10-01,Positivo,Variedade dos Produtos,qualidade produtos variedade,neutro
221,2024,L5082-VILA ANDRADE (1346),out,40,2024-10-01,Detrator,Variedade dos Produtos,boa noite neste domingo visitei loja lado casa vila andrade rua josé silva ribeiro realizar compras rotineiras infelizmente encontrei pacote frango desfiado freezer cabelo dentro embalagem lacrada informei atendente orientou iria encaminhar ocorrido adm. realmente fiquei desconfortável imaginando cabelo comprido estaria dentro pacote lacrado falha aconteceria processo abril controlado enfim infelizmente fiquei desapontada,detrator
222,2024,L5082-VILA ANDRADE (1346),out,40,2024-10-02,Detrator,Estoque,segunda-feira sent falta alguns produtos frango exemplo quase não tinha obrigada perguntar,neutro
223,2024,L5082-VILA ANDRADE (1346),out,40,2024-10-04,Detrator,Variedade dos Produtos,“ peça ” baby beef não encontrando unidade vila andrade olho toda parte 2a vez nada tem coração alcatra tenho levar lugar comercialização peça baby beef,neutro
224,2024,L5082-VILA ANDRADE (1346),out,41,2024-10-07,Positivo,Estoque,adoro swift gosto excelente,promotor
225,2024,L5082-VILA ANDRADE (1346),out,41,2024-10-07,Neutro,Variedade dos Produtos,tendo variedades tem outras lojas,promotor
226,2024,L5082-VILA ANDRADE (1346),out,41,2024-10-07,Detrator,Estoque,último pedido tudo horrível não entregaram prazo correto comprei 27 entregar 28 tive ligar reclamar atendimento telefônico tem espera enorme lenta novamente prazo dado não cumprido pedido finalmente entregue dia 1 noite faltaram produtos lista base último pedido não indico swift ninguém horrível experiência,detrator
227,2024,L5082-VILA ANDRADE (1346),out,41,2024-10-07,Detrator,Estoque,pude conferir pedido final semana vieram faltando itens,detrator
228,2024,L5082-VILA ANDRADE (1346),out,41,2024-10-08,Positivo,Estoque,gosto loja produtos,promotor
229,2024,L5082-VILA ANDRADE (1346),out,41,2024-10-08,Positivo,Nada a Declarar,pra mim tudo bom,promotor
230,2024,L5082-VILA ANDRADE (1346),out,41,2024-10-08,Positivo,Preço,promoções,promotor
231,2024,L5082-VILA ANDRADE (1346),out,41,2024-10-08,Detrator,Estoque,duas ultima vezes faltando alguns produtos costumo comprar,neutro
232,2024,L5082-VILA ANDRADE (1346),out,41,2024-10-08,Detrator,Variedade dos Produtos,loja problema geladeira causou desorganização produtos,detrator
233,2024,L5082-VILA ANDRADE (1346),out,41,2024-10-08,Positivo,Atendimento,melhorar canais atendimento cliente,detrator
234,2024,L5082-VILA ANDRADE (1346),out,41,2024-10-09,Detrator,Site,infelizmente app nao funcionou mim tive usar site,promotor
235,2024,L5082-VILA ANDRADE (1346),out,41,2024-10-09,Detrator,Estoque,comprometimento realização entrega sinto entregadores caso deixou desejar compro desde 06/2024 mês dez deu problema tivesse entregue agora não solucionaram problema dia 09/10 entrega dia 04/10 liguei entrei contato whatsapp nada,detrator
236,2024,L5082-VILA ANDRADE (1346),out,41,2024-10-09,Detrator,Estoque,não entendo bem acontece vezes seleciono algum produto não habilita entrega qdo vou finalizar aí tenho retirar produto entrada habilitada,detrator
237,2024,L5082-VILA ANDRADE (1346),out,41,2024-10-10,Positivo,Preço,preços,neutro
238,2024,L5082-VILA ANDRADE (1346),out,41,2024-10-10,Detrator,Atendimento,atendimento horrível vcs nao atendem precisamos ajuda péssimo não indico,detrator
239,2024,L5082-VILA ANDRADE (1346),out,41,2024-10-10,Detrator,Variedade dos Produtos,falta produto variedade comparando outras lojas,detrator
240,2024,L5082-VILA ANDRADE (1346),out,41,2024-10-11,Detrator,Variedade dos Produtos,cidade todo teve infelizmente explosão moradores rua pedintes entretanto vou filha pequena aí fico vulnerável última vez tive abordagem desagradável toda vezes tem pedintes começando não frequentar mesma frequência pq filha,detrator
241,2024,L5082-VILA ANDRADE (1346),out,41,2024-10-11,Detrator,Estoque,segunda vez faço compra não entregam todos produtos escolhi,detrator
242,2024,L5082-VILA ANDRADE (1346),out,43,2024-10-23,Detrator,Variedade dos Produtos,deixar produtos sempre local pra mudar tanto mudança funcionário frequente acostuma pessoa sai muda loja etc,detrator
243,2024,L5082-VILA ANDRADE (1346),out,43,2024-10-24,Detrator,Estoque,olá ontem loja vazia não encontrei produto precisava outros 2 clientes loja não preços subindo toda semanas continuum excelente loja atendimento,neutro
244,2024,L5082-VILA ANDRADE (1346),out,43,2024-10-27,Detrator,Variedade dos Produtos,peça “ baby beef ” não disponível unidade vila andrade melhor coração alcatra precisa voltar comercializada,promotor
245,2024,L5082-VILA ANDRADE (1346),out,43,2024-10-27,Detrator,Estoque,quesito `` encontrou todos produtos '' marquei joinha nesta última vez não tinha farofa pimenta mim não depreciativo onde moro não loja swift gostaria trazer tudo ótimo parabéns,promotor
246,2024,L5082-VILA ANDRADE (1346),out,44,2024-10-31,Detrator,Estoque,faz algum tempo nao tenho encontrado file tilapia 800 grama somente tem sido enviado 400 grama outro produto nao encontrado pao integral,neutro
247,2024,L5082-VILA ANDRADE (1346),nov,44,2024-11-01,Positivo,Outros,bom sempre pode melhorar,promotor
248,2024,L5082-VILA ANDRADE (1346),nov,45,2024-11-08,Detrator,Outros,nada melhorar,promotor
249,2024,L5082-VILA ANDRADE (1346),nov,46,2024-11-12,Detrator,Estoque,unidade pleno domingo cedo parecia saqueada não tinha nada quase principalmente peixes molhos tipo maionese pronta chimichurri saché,detrator
250,2024,L5082-VILA ANDRADE (1346),nov,46,2024-11-13,Neutro,Variedade dos Produtos,poderia acrescentar lojas produtos alho triturado vegetais industrializado temperos industrializado usamos dia dia,promotor
251,2024,L5082-VILA ANDRADE (1346),nov,47,2024-11-19,Neutro,Estoque,atendimento melhor,neutro
252,2024,L5082-VILA ANDRADE (1346),nov,47,2024-11-21,Detrator,Preço,não encontro mousse chocolate vcs pena gostoso,neutro
253,2024,L5082-VILA ANDRADE (1346),nov,47,2024-11-22,Detrator,Estoque,pedido original fiz site não pode entregue alteraram quanto qualidade gosto produtos,neutro
254,2024,L5082-VILA ANDRADE (1346),nov,48,2024-11-28,Detrator,Nada a Declarar,ótimo,promotor
255,2024,L5082-VILA ANDRADE (1346),dez,48,2024-12-01,Detrator,Limpeza,sábado não tinha quase nada loja,neutro
256,2024,L5082-VILA ANDRADE (1346),dez,49,2024-12-02,Detrator,Estoque,não tinha frango desfiado tulipa coxinhas asa,neutro
257,2024,L5082-VILA ANDRADE (1346),dez,49,2024-12-02,Detrator,Estoque,pedido teve atraso não possível entrar contato suporte após 19h,detrator
258,2024,L5082-VILA ANDRADE (1346),dez,49,2024-12-04,Detrator,Nada a Declarar,ta tudo ótimo baixar taxon entrega melhor ainda,promotor
259,2024,L5082-VILA ANDRADE (1346),dez,50,2024-12-09,Detrator,Estoque,site buga completamente produto não disponivel não pra saber produto faltando descobri valor pedido não alterar adicionar produto carrinho qu faltando indicando disponível site fiz pedido whatsapp porque site impossível solicitei entrega 3 horas tive entrar contato confirmar entrega poi ja aproximava prazo final não tinha sido faturado entrar contato bem atendido analista entrou contato loja somente então começou preparar pedido faturar tiver entrar contato loja pra toda vez não primeira vez ocorre melhor ir pessoalmente loja,detrator
260,2024,L5082-VILA ANDRADE (1346),dez,50,2024-12-10,Neutro,Variedade dos Produtos,colocar alguns itens maior peso ..,promotor
261,2024,L5082-VILA ANDRADE (1346),dez,50,2024-12-10,Detrator,Estoque,3 vez agendo entrega não entrega,detrator
262,2024,L5082-VILA ANDRADE (1346),dez,50,2024-12-11,Neutro,Preço,subiu pouco preços poderiam manter,promotor
263,2024,L5082-VILA ANDRADE (1346),dez,50,2024-12-13,Neutro,Variedade dos Produtos,algum programa fidelidade descontos progressivos,promotor
264,2024,L5082-VILA ANDRADE (1346),dez,51,2024-12-16,Neutro,Estoque,estender pouco horário finais semana,promotor
265,2024,L5082-VILA ANDRADE (1346),dez,51,2024-12-16,Detrator,Estoque,atraso significativo compra não ligo entender acontecendo não sei hoje 4 dia data prevista entrega estaria encomenda,detrator
266,2024,L5082-VILA ANDRADE (1346),dez,51,2024-12-17,Positivo,Estoque,acredito bom ter sempre gerente supervisor loja assim cliente sente bem melhor,promotor
267,2024,L5082-VILA ANDRADE (1346),dez,51,2024-12-18,Detrator,Atendimento,atentar horários estipulados não contingente realizar entrega horário dado cliente então não colocar horário sim dia poi possibilidade cliente programar receber `` 12h '' não acontecer tornando espera indesejada,neutro
268,2024,L5082-VILA ANDRADE (1346),dez,51,2024-12-19,Positivo,Estoque,empresa altamente confiável competente parabéns,promotor
269,2024,L5082-VILA ANDRADE (1346),dez,51,2024-12-20,Detrator,Estoque,infelizmente não tinha medalhão bifes,neutro
270,2024,L5082-VILA ANDRADE (1346),dez,51,2024-12-22,Positivo,Outros,bom sempre possível melhorar,promotor
271,2024,L5082-VILA ANDRADE (1346),dez,51,2024-12-22,Neutro,Estoque,acontecendo carne moída swift intragável tive jogar metade saco porque não conseguimos comer casa gosto ruim,neutro
272,2024,L5082-VILA ANDRADE (1346),dez,52,2024-12-24,Detrator,Variedade dos Produtos,segunda vez vou loja não encontro cupim fralda gordura loja jd londrina,neutro
273,2024,L5082-VILA ANDRADE (1346),dez,52,2024-12-25,Positivo,Preço,promoções preço bom,promotor
274,2024,L5082-VILA ANDRADE (1346),dez,52,2024-12-26,Detrator,Estoque,espeto frango intragável extremamente salgado,detrator
275,2024,L5082-VILA ANDRADE (1346),dez,52,2024-12-27,Detrator,Estoque,cada dia tenho observado falta produtos loja,detrator
276,2024,L5082-VILA ANDRADE (1346),dez,1,2024-12-30,Neutro,Variedade dos Produtos,atendimento cliente falta reposição/organização pfv,detrator
277,2024,L5082-VILA ANDRADE (1346),dez,1,2024-12-30,Detrator,Estoque,pedido roubado agora aguardando novo prazo,detrator
278,2024,L5082-VILA ANDRADE (1346),dez,1,2024-12-31,Neutro,Variedade dos Produtos,acho deveria ter agilidade compras on line poi vamos retirar poderia rápido,promotor
279,2024,L5082-VILA ANDRADE (1346),dez,1,2024-12-31,Detrator,Estoque,maioria cortes carne esgotada incluindo picanha espetinhos coração outros,detrator
280,2024,L5235-LOUVEIRA,jan,1,2024-01-02,Positivo,Atendimento,achei ótimo bom atendimento muitas variedades preço ótimo,promotor
281,2024,L5235-LOUVEIRA,jan,1,2024-01-02,Neutro,Atendimento,conheci loja louveira achei bastante agradável loja climatizada grande variedade produtos excelente atendimento acho relação preços ainda elitista esperava preços acessíveis,promotor
282,2024,L5235-LOUVEIRA,jan,1,2024-01-02,Positivo,Variedade dos Produtos,promoções variadas,promotor
283,2024,L5235-LOUVEIRA,jan,1,2024-01-04,Neutro,Variedade dos Produtos,baixar pouco preços produtos,neutro
284,2024,L5235-LOUVEIRA,jan,1,2024-01-05,Detrator,Outros,dia queria picanha australiana não tinha,promotor
285,2024,L5235-LOUVEIRA,jan,1,2024-01-05,Positivo,Preço,preço precisa ótimas promoções,promotor
286,2024,L5235-LOUVEIRA,jan,2,2024-01-09,Detrator,Estoque,vou fazer observação .... falta frequência espetinho carne bovina loja vinhedo louveira estoque precisa maior atender demanda,promotor
287,2024,L5235-LOUVEIRA,jan,2,2024-01-10,Positivo,Nada a Declarar,tá tudo bom,promotor
288,2024,L5235-LOUVEIRA,jan,2,2024-01-12,Neutro,Preço,melhorar preço alguns itens,promotor
289,2024,L5235-LOUVEIRA,jan,3,2024-01-17,Positivo,Atendimento,funcionários atenciosos,promotor
290,2024,L5235-LOUVEIRA,jan,3,2024-01-19,Positivo,Estoque,loja arrumada atendimento excelente variedade produtos,promotor
291,2024,L5235-LOUVEIRA,jan,3,2024-01-19,Positivo,Variedade dos Produtos,pessoal av 14 dezembro jundiai sempre atencioso poderia ter frutas,promotor
292,2024,L5235-LOUVEIRA,jan,4,2024-01-22,Positivo,Estoque,atendimento maravilhoso meninas sempre prontas ajudar dão dicas boa qualidade carnes excepcional vou toda semana swift,promotor
293,2024,L5235-LOUVEIRA,jan,4,2024-01-22,Positivo,Estoque,ótima atenção paola dany nova gerente parabéns,promotor
294,2024,L5235-LOUVEIRA,jan,4,2024-01-22,Positivo,Atendimento,variedade produtos ótimo atendimento limpeza organização produtos,promotor
295,2024,L5235-LOUVEIRA,jan,4,2024-01-23,Positivo,Preço,td maravilhoso organizado amooooo,promotor
296,2024,L5235-LOUVEIRA,jan,4,2024-01-24,Positivo,Estoque,loja bem visível produtos organizados super limpo,promotor
297,2024,L5235-LOUVEIRA,jan,4,2024-01-24,Neutro,Preço,ter descontos,promotor
298,2024,L5235-LOUVEIRA,jan,5,2024-01-30,Detrator,Estoque,"loja ofertando valor promocional kit picanha gold + pacote frango + pão alho bolinha + farofa tradicional r $ 155,00 suspeitando deste valor pedi montassem kit mesmos produtos contemplar promoção valor final r $ 144,00 aprox loja praticando propaganda enganosa",detrator
299,2024,L5235-LOUVEIRA,jan,5,2024-01-31,Detrator,Atendimento,ótima atendimento ótima,promotor
300,2024,L5235-LOUVEIRA,jan,5,2024-01-31,Positivo,Atendimento,excelente atendimento,promotor
301,2024,L5235-LOUVEIRA,fev,5,2024-02-02,Detrator,Outros,não precisa ´ otima assim ok parabéns,promotor
302,2024,L5235-LOUVEIRA,fev,6,2024-02-05,Neutro,Atendimento,obrigado atenção paola muita atenciosa gerente nova,promotor
303,2024,L5235-LOUVEIRA,fev,6,2024-02-08,Positivo,Atendimento,ótima qualidade atendimento,promotor
304,2024,L5235-LOUVEIRA,fev,6,2024-02-09,Positivo,Estoque,fazendo entregas,promotor
305,2024,L5235-LOUVEIRA,fev,6,2024-02-10,Positivo,Atendimento,promoção atendimento ótimo meninas,neutro
306,2024,L5235-LOUVEIRA,fev,6,2024-02-11,Detrator,Acesso,picanha dura,neutro
307,2024,L5235-LOUVEIRA,fev,7,2024-02-12,Positivo,Atendimento,excelente atendimento ótimos produtos,promotor
308,2024,L5235-LOUVEIRA,fev,7,2024-02-12,Positivo,Preço,excelente,promotor
309,2024,L5235-LOUVEIRA,fev,7,2024-02-12,Neutro,Estoque,melhor preço qualidade produtos poi estáva duro demais,promotor
310,2024,L5235-LOUVEIRA,fev,7,2024-02-12,Detrator,Nada a Declarar,sugestões,promotor
311,2024,L5235-LOUVEIRA,fev,7,2024-02-12,Positivo,Variedade dos Produtos,trazer variedades lanches promoções antendimento loja louveira mantém cliente,promotor
312,2024,L5235-LOUVEIRA,fev,7,2024-02-15,Detrator,Nada a Declarar,tudo ótimo,promotor
313,2024,L5235-LOUVEIRA,fev,7,2024-02-15,Positivo,Variedade dos Produtos,parem alterar mercadorias temos ficar procurando minutos achar atendimento bom principalmente unidade louveira/sp,promotor
314,2024,L5235-LOUVEIRA,fev,7,2024-02-16,Positivo,Estoque,atendimento loja louveira sempre impecável,promotor
315,2024,L5235-LOUVEIRA,fev,7,2024-02-16,Positivo,Variedade dos Produtos,sempre falo todos swift melhor loja louveira cidade precisando bom atendimento ótima qualidade muita variedade excelentes,promotor
316,2024,L5235-LOUVEIRA,fev,8,2024-02-20,Positivo,Atendimento,atendimento excelente loja organizada produtos ótima qualidade,promotor
317,2024,L5235-LOUVEIRA,fev,8,2024-02-20,Detrator,Outros,não vejo necessidade melhora,promotor
318,2024,L5235-LOUVEIRA,fev,9,2024-02-29,Detrator,Estoque,`` melhora acontece parar muda demais produtos lugares confunde demais cliente '',promotor
319,2024,L5235-LOUVEIRA,fev,9,2024-02-29,Positivo,Estoque,`` facilitar acesso estacionamento ``,promotor
320,2024,L5235-LOUVEIRA,fev,9,2024-02-29,Neutro,Variedade dos Produtos,`` podem fazer programa pontuação oferecer descontos brindes exemplo sacolas terminas retornáveis assim poderíamos usar próximas compras ``,neutro
321,2024,L5235-LOUVEIRA,mar,9,2024-03-01,Positivo,Estoque,`` meninas loja ótimas super simpáticas atenciosas ``,promotor
322,2024,L5235-LOUVEIRA,mar,9,2024-03-01,Neutro,Variedade dos Produtos,`` filé tilapia empanado tem espinhas bem salgadinho geralmente poderiam ter cuidado relação espinha pq damos crianças idosos podem engasgar facilidade sal tem pressão alta não legal terem cuidado congelamento tem coisas q dá ver descongeladas congeladas novamente d perceber pq tem pedras gelo dentro saco gosto swift '',promotor
323,2024,L5235-LOUVEIRA,mar,9,2024-03-01,Positivo,Nada a Declarar,`` tudo perfeito loja maravilhosa ``,promotor
324,2024,L5235-LOUVEIRA,mar,10,2024-03-05,Positivo,Atendimento,`` atendimento nota 1000 loja louveira '',promotor
325,2024,L5235-LOUVEIRA,mar,10,2024-03-05,Neutro,Variedade dos Produtos,disposição loja boa poderia melhorar vez tive ir atrás ajuda alcançar itens prateleira superior… existe algo fazer,promotor
326,2024,L5235-LOUVEIRA,mar,10,2024-03-08,Positivo,Atendimento,loja atendimento bom meninas sempre sorridentes prontas ajudar loja organizada,promotor
327,2024,L5235-LOUVEIRA,mar,10,2024-03-08,Positivo,Atendimento,oferecer sistema pontos dar descontos /ou premios exemplo perfeito bolsa termica,promotor
328,2024,L5235-LOUVEIRA,mar,10,2024-03-10,Positivo,Atendimento,loja maravilhosa atendimento priscila bom,promotor
329,2024,L5235-LOUVEIRA,mar,11,2024-03-11,Neutro,Outros,comprei picanha pouco dura precisa melhorar qualidade picanha,promotor
330,2024,L5235-LOUVEIRA,mar,11,2024-03-12,Positivo,Atendimento,mto bem atendido,promotor
331,2024,L5235-LOUVEIRA,mar,12,2024-03-18,Positivo,Estoque,loja produtos muita qualidade sempre encontro procurando,promotor
332,2024,L5235-LOUVEIRA,mar,12,2024-03-18,Positivo,Atendimento,produtos ótima qualidade loja sempre organizada atendimento bom atendentes sempre simpáticas,promotor
333,2024,L5235-LOUVEIRA,mar,12,2024-03-18,Positivo,Atendimento,tudo bom limpo organizado atendimento excelente,promotor
334,2024,L5235-LOUVEIRA,mar,13,2024-03-26,Positivo,Atendimento,loja organizada atendimento impecável parabéns equipe swift louveira,promotor
335,2024,L5235-LOUVEIRA,mar,13,2024-03-26,Positivo,Atendimento,loja organizada atendimento bom,promotor
336,2024,L5235-LOUVEIRA,mar,13,2024-03-29,Positivo,Estoque,loja boa produtos qualidade atendimento excelente,promotor
337,2024,L5235-LOUVEIRA,abr,14,2024-04-02,Positivo,Estoque,acho tá melhorando nova gerente melhor outra atenção paola sempre melhor obrigado,promotor
338,2024,L5235-LOUVEIRA,abr,14,2024-04-02,Positivo,Estoque,procurando ter sempre produtos disponíveis cliente,promotor
339,2024,L5235-LOUVEIRA,abr,14,2024-04-03,Positivo,Variedade dos Produtos,fazendo ofertas dia específicos ex segunda aves terça peixe quarta bovina etc assim teremos norte poder fazer compras semanais,promotor
340,2024,L5235-LOUVEIRA,abr,14,2024-04-04,Neutro,Nada a Declarar,mim ótimo assim,promotor
341,2024,L5235-LOUVEIRA,abr,14,2024-04-06,Detrator,Nada a Declarar,otima,promotor
342,2024,L5235-LOUVEIRA,abr,15,2024-04-08,Positivo,Estoque,louveira tudo bom parabéns,promotor
343,2024,L5235-LOUVEIRA,abr,15,2024-04-09,Detrator,Estoque,achei carnes estariam resfriadas não congelada fazer hora,neutro
344,2024,L5235-LOUVEIRA,abr,15,2024-04-11,Positivo,Atendimento,pra mim tdo perfeito excelente qualidade atendimento,promotor
345,2024,L5235-LOUVEIRA,abr,16,2024-04-16,Positivo,Atendimento,atendimento bom loja organizada,promotor
346,2024,L5235-LOUVEIRA,abr,16,2024-04-16,Neutro,Preço,promoções,promotor
347,2024,L5235-LOUVEIRA,abr,16,2024-04-16,Detrator,Estoque,qualidade caiu demais .... ja comprei produtos joguei lixo,detrator
348,2024,L5235-LOUVEIRA,abr,16,2024-04-18,Detrator,Variedade dos Produtos,equipe swift louveira parabéns ótima organização loja incrível atendimento swift pode melhorar evitando trocar produtos lugar confunde demais ato compra fico atrapalhada,promotor
349,2024,L5235-LOUVEIRA,abr,16,2024-04-18,Positivo,Nada a Declarar,bem atendida tinha precisava,promotor
350,2024,L5235-LOUVEIRA,abr,16,2024-04-18,Detrator,Estoque,nao tenho opinião sobre assunto,promotor
351,2024,L5235-LOUVEIRA,abr,16,2024-04-19,Neutro,Estoque,acho boa não sei vdd tem substância carne não bom pra saúde deixar escrito embalagens permitido.isso real,promotor
352,2024,L5235-LOUVEIRA,abr,16,2024-04-19,Positivo,Atendimento,momento swift louveira tem atendido bem produtos ótimos atendimento loja personalizado parabéns swift,promotor
353,2024,L5235-LOUVEIRA,abr,16,2024-04-19,Positivo,Atendimento,gosto dessa loja produtos super práticos qualidade atendimento ótimo,promotor
354,2024,L5235-LOUVEIRA,abr,16,2024-04-19,Positivo,Atendimento,loja organizada atendimento bom nada melhorar ótima qualidade,promotor
355,2024,L5235-LOUVEIRA,abr,16,2024-04-19,Detrator,Estoque,mim app poi montando carrinho repente todos produtos apareciam não disponíveis,promotor
356,2024,L5235-LOUVEIRA,abr,16,2024-04-19,Positivo,Atendimento,preço baixo excelente atendimento funcionario atenciosos educado 10,promotor
357,2024,L5235-LOUVEIRA,abr,16,2024-04-19,Neutro,Preço,preços menores interessante,promotor
358,2024,L5235-LOUVEIRA,abr,16,2024-04-19,Positivo,Estoque,promoção carnes aves suíno especificando dia semana promoção,promotor
359,2024,L5235-LOUVEIRA,abr,16,2024-04-19,Detrator,Variedade dos Produtos,somente enviar watszap email promocoes criar cupom descontos cpf,promotor
360,2024,L5235-LOUVEIRA,abr,16,2024-04-20,Neutro,Preço,ter melhores preços,promotor
361,2024,L5235-LOUVEIRA,abr,17,2024-04-23,Positivo,Atendimento,equipe boa bom atendimento,promotor
362,2024,L5235-LOUVEIRA,abr,17,2024-04-26,Neutro,Variedade dos Produtos,variedade opções parte pescado,promotor
363,2024,L5235-LOUVEIRA,abr,17,2024-04-26,Positivo,Estoque,parcelamento sa compra,promotor
364,2024,L5235-LOUVEIRA,abr,17,2024-04-26,Detrator,Nada a Declarar,tá ótimo,promotor
365,2024,L5235-LOUVEIRA,abr,17,2024-04-26,Detrator,Estoque,comprei tiras frango vieram dura fibrosa nunca veio desse jeito,detrator
366,2024,L5235-LOUVEIRA,abr,17,2024-04-27,Positivo,Estoque,olá ..... continuar .............. maravilhoso ....... ok,promotor
367,2024,L5235-LOUVEIRA,abr,17,2024-04-27,Positivo,Estoque,produtos saudáveis,promotor
368,2024,L5235-LOUVEIRA,abr,18,2024-04-29,Positivo,Variedade dos Produtos,liberar delivery poi cidade ainda não tem,promotor
369,2024,L5235-LOUVEIRA,abr,18,2024-04-29,Positivo,Atendimento,loja organizada atendimento ótimo,promotor
370,2024,L5235-LOUVEIRA,abr,18,2024-04-29,Detrator,Atendimento,tenho visitado lojas swift pontualmente consumir peixes aves carne caiu qualidade gosto preços pouco competitivos relação outros locais qualidade superior,promotor
371,2024,L5235-LOUVEIRA,abr,18,2024-04-30,Positivo,Atendimento,qualidade preço fazem sempre diferença,promotor
372,2024,L5235-LOUVEIRA,mai,18,2024-05-02,Positivo,Preço,realizando cada vez promoções,promotor
373,2024,L5235-LOUVEIRA,mai,18,2024-05-02,Detrator,Outros,não sei,neutro
374,2024,L5235-LOUVEIRA,mai,18,2024-05-03,Positivo,Estoque,ótima carnes excelentes temperados maravilhosos preço justo atendimento nota 1000,promotor
375,2024,L5235-LOUVEIRA,mai,19,2024-05-06,Neutro,Atendimento,atenção paola melhor,promotor
376,2024,L5235-LOUVEIRA,mai,19,2024-05-06,Positivo,Atendimento,atendimento excelente meninas simpáticas,promotor
377,2024,L5235-LOUVEIRA,mai,19,2024-05-06,Positivo,Preço,fazendo promoções,promotor
378,2024,L5235-LOUVEIRA,mai,19,2024-05-06,Positivo,Variedade dos Produtos,introduzir corte joelho porco einsbein,promotor
379,2024,L5235-LOUVEIRA,mai,19,2024-05-06,Positivo,Atendimento,loja arrumada atendimento bom,promotor
380,2024,L5235-LOUVEIRA,mai,19,2024-05-06,Positivo,Atendimento,loja organizada atendimento excelente meninas,promotor
381,2024,L5235-LOUVEIRA,mai,19,2024-05-06,Positivo,Atendimento,ótimo atendimento loja limpa organizada colaboradores engajados parabéns ahm,promotor
382,2024,L5235-LOUVEIRA,mai,19,2024-05-08,Positivo,Variedade dos Produtos,loja swift louveira parabéns organização criatividade bom atendimento sempre promoções acessíveis clientes,promotor
383,2024,L5235-LOUVEIRA,mai,19,2024-05-10,Detrator,Estoque,200 %,promotor
384,2024,L5235-LOUVEIRA,mai,20,2024-05-14,Positivo,Limpeza,carnes frescas,promotor
385,2024,L5235-LOUVEIRA,mai,20,2024-05-15,Positivo,Atendimento,loja organizada produtos qualidade atendimento maravilhoso,promotor
386,2024,L5235-LOUVEIRA,mai,20,2024-05-15,Neutro,Nada a Declarar,pra mim tá ótimo,promotor
387,2024,L5235-LOUVEIRA,mai,21,2024-05-20,Positivo,Atendimento,sempre encontro tudo preciso loja louveira limpeza organização loja atendimento meninas bom sempre sorridentes simpáticas,promotor
388,2024,L5235-LOUVEIRA,mai,21,2024-05-26,Positivo,Estoque,expadindo lojas brasil inteiro,promotor
389,2024,L5235-LOUVEIRA,mai,22,2024-05-27,Positivo,Nada a Declarar,adoro swift…,promotor
390,2024,L5235-LOUVEIRA,mai,22,2024-05-27,Detrator,Estoque,segunda vez vou loja não encontro picanha austráliana conversei atendente informou lojas interior sp nenhuma loja recebendo produto pode encontre capital,neutro
391,2024,L5235-LOUVEIRA,mai,22,2024-05-30,Positivo,Nada a Declarar,mim tudo perfeito,promotor
392,2024,L5235-LOUVEIRA,mai,22,2024-05-31,Detrator,Estoque,swift poderia lançar algo cash back premiacao pontos cliente habitual descontos determinados itens utilizar proxima compras,promotor
393,2024,L5235-LOUVEIRA,mai,22,2024-05-31,Positivo,Variedade dos Produtos,fazendo degustação produtos,promotor
394,2024,L5235-LOUVEIRA,mai,22,2024-05-31,Neutro,Outros,poderia melhorar preço pra não ficar igual concorrente,promotor
395,2024,L5235-LOUVEIRA,jun,22,2024-06-01,Positivo,Atendimento,atendente prestativa srta paola,promotor
396,2024,L5235-LOUVEIRA,jun,23,2024-06-03,Positivo,Estoque,fazendo bom trabalho,promotor
397,2024,L5235-LOUVEIRA,jun,23,2024-06-03,Detrator,Preço,melhorar preços comprando outras casas carne swift não dá desconto quer clientes inaceitável…,detrator
398,2024,L5235-LOUVEIRA,jun,23,2024-06-06,Positivo,Limpeza,adorei atendimento meninas loja limpa,promotor
399,2024,L5235-LOUVEIRA,jun,23,2024-06-06,Positivo,Variedade dos Produtos,informar explicitamente quais produtos livres glúten leite,promotor
400,2024,L5235-LOUVEIRA,jun,23,2024-06-06,Positivo,Atendimento,loja ótimo atendimento organização ótimos produtos qualidade,promotor
401,2024,L5235-LOUVEIRA,jun,23,2024-06-08,Positivo,Atendimento,atendimento bom meninas atenciosas,promotor
402,2024,L5235-LOUVEIRA,jun,24,2024-06-10,Positivo,Estoque,melhor atenção paola sempre,promotor
403,2024,L5235-LOUVEIRA,jun,24,2024-06-10,Neutro,Preço,opções peixe,promotor
404,2024,L5235-LOUVEIRA,jun,24,2024-06-11,Positivo,Atendimento,atendentes simpáticas loja organizada,promotor
405,2024,L5235-LOUVEIRA,jun,24,2024-06-11,Positivo,Atendimento,melhor atendimento sempre,promotor
406,2024,L5235-LOUVEIRA,jun,24,2024-06-11,Positivo,Estoque,nunca encontro corte simple apreciado joelho porco corte einbein prato típico alemão querido brasil principalmente sul sudeste,neutro
407,2024,L5235-LOUVEIRA,jun,24,2024-06-13,Detrator,Variedade dos Produtos,vender carnes bovinas qualidade exemplo comprei peça contra filé mesma parecia cheia nervos meio peça outro dia comprei carne cubos tbem cheia nervos gordura parecia isopor carne,detrator
408,2024,L5235-LOUVEIRA,jun,24,2024-06-15,Positivo,Estoque,comecei comprar swift gostei produtos atendimento,promotor
409,2024,L5235-LOUVEIRA,jun,24,2024-06-15,Positivo,Variedade dos Produtos,cidade atendendo compras,promotor
410,2024,L5235-LOUVEIRA,jun,24,2024-06-15,Detrator,Nada a Declarar,tudo ótimo nada reclamar,promotor
411,2024,L5235-LOUVEIRA,jun,25,2024-06-17,Neutro,Limpeza,sugiro alguns brindes,promotor
412,2024,L5235-LOUVEIRA,jun,25,2024-06-18,Positivo,Atendimento,atendimento bom loja organizada,promotor
413,2024,L5235-LOUVEIRA,jun,25,2024-06-18,Detrator,Variedade dos Produtos,gentileza coloquem produção corte joelho porco alemão einsbein fazem parte joelho porco poderiam colocar venda corte comercialização,promotor
414,2024,L5235-LOUVEIRA,jun,25,2024-06-20,Positivo,Atendimento,atendimento excelente loja bonita,promotor
415,2024,L5235-LOUVEIRA,jun,25,2024-06-22,Positivo,Atendimento,atendente michele super atenciosa.loja organizada produtos ótimos,promotor
416,2024,L5235-LOUVEIRA,jun,25,2024-06-22,Positivo,Atendimento,loja organizada atendimento excelente,promotor
417,2024,L5235-LOUVEIRA,jun,25,2024-06-22,Positivo,Estoque,não precisa melhor maravilhoso ..... ok,promotor
418,2024,L5235-LOUVEIRA,jun,25,2024-06-22,Positivo,Atendimento,ótimos produtos bom atendimento,promotor
419,2024,L5235-LOUVEIRA,jun,25,2024-06-22,Neutro,Variedade dos Produtos,talvez embalagens produtos encareça pouco sugestão diminuir custo mudando embalagens,neutro
420,2024,L5235-LOUVEIRA,jun,26,2024-06-24,Positivo,Estoque,loja louveira melhor não tenho neuma coisa falar paola melhor atendente,promotor
421,2024,L5235-LOUVEIRA,jun,26,2024-06-24,Detrator,Nada a Declarar,ver tudo ótimo gostaria tivesse receber ofertas semanais organizar,promotor
422,2024,L5235-LOUVEIRA,jun,26,2024-06-24,Positivo,Atendimento,melhor atendimento nova gerente simpática loja limoa organizada,promotor
423,2024,L5235-LOUVEIRA,jun,26,2024-06-24,Positivo,Outros,nota 10,promotor
424,2024,L5235-LOUVEIRA,jun,26,2024-06-24,Positivo,Atendimento,parabéns atenção atendentes michele paola gerente priscila loja limpa organizada atendimento nota 10.,promotor
425,2024,L5235-LOUVEIRA,jun,26,2024-06-24,Positivo,Atendimento,produtos qualidade atendimento bom,promotor
426,2024,L5235-LOUVEIRA,jun,26,2024-06-24,Detrator,Preço,ter promoções descontos,promotor
427,2024,L5235-LOUVEIRA,jun,26,2024-06-26,Positivo,Preço,passando vr va,promotor
428,2024,L5235-LOUVEIRA,jun,26,2024-06-30,Detrator,Estoque,poderiam ter serviço delivery aqui louveira tenho problema ortopedico ruim ter ir loja retirar,neutro
429,2024,L5235-LOUVEIRA,jul,27,2024-07-05,Positivo,Atendimento,ótimo atendimento produtos qualidade,promotor
430,2024,L5235-LOUVEIRA,jul,28,2024-07-10,Positivo,Atendimento,avaliar sempre custo beneficio .. tentar custos menores olhando mercado carne fresca,promotor
431,2024,L5235-LOUVEIRA,jul,28,2024-07-10,Positivo,Nada a Declarar,nada tudo ótimo satisfeito,promotor
432,2024,L5235-LOUVEIRA,jul,28,2024-07-10,Neutro,Preço,promoções,promotor
433,2024,L5235-LOUVEIRA,jul,28,2024-07-10,Neutro,Preço,promoções,promotor
434,2024,L5235-LOUVEIRA,jul,28,2024-07-10,Neutro,Estoque,não deixar faltar alguns produtos ex não encontrei polvo recentes compras,promotor
435,2024,L5235-LOUVEIRA,jul,28,2024-07-10,Positivo,Atendimento,ótimo atendimento loja limpa organizada,promotor
436,2024,L5235-LOUVEIRA,jul,28,2024-07-12,Positivo,Limpeza,loja maravilhosa,promotor
437,2024,L5235-LOUVEIRA,jul,28,2024-07-12,Positivo,Atendimento,loja organizada produtos qualidade,promotor
438,2024,L5235-LOUVEIRA,jul,28,2024-07-12,Positivo,Atendimento,ótimos produtos atendentes super atenciosas,promotor
439,2024,L5235-LOUVEIRA,jul,28,2024-07-12,Positivo,Estoque,sempre encontro procuro loja organizada,promotor
440,2024,L5235-LOUVEIRA,jul,28,2024-07-13,Positivo,Atendimento,meninas atenciosas loja organizada,promotor
441,2024,L5235-LOUVEIRA,jul,29,2024-07-15,Positivo,Variedade dos Produtos,primeira vez comprando loja adorei irei voltar vezes,promotor
442,2024,L5235-LOUVEIRA,jul,29,2024-07-15,Positivo,Atendimento,produtos ótima qualidade atendimento diferenciado,promotor
443,2024,L5235-LOUVEIRA,jul,29,2024-07-17,Positivo,Atendimento,atendimento sempre excelência,promotor
444,2024,L5235-LOUVEIRA,jul,29,2024-07-17,Positivo,Variedade dos Produtos,contente experiência comprar swift agora elegemos oficial carne casa consumo dia dia swift talvez melhorar pouco opções carnes nobres picanha não engano swift grupo jbs tem outras marcas boa carnes ter marcas lojas swift congeladas parece boa ideia,promotor
445,2024,L5235-LOUVEIRA,jul,29,2024-07-17,Positivo,Nada a Declarar,tudo ótimo loja melhor brasil,promotor
446,2024,L5235-LOUVEIRA,jul,29,2024-07-18,Positivo,Estoque,gosto comprar loja,promotor
447,2024,L5235-LOUVEIRA,jul,29,2024-07-18,Positivo,Estoque,melhor loja melhores produtos,promotor
448,2024,L5235-LOUVEIRA,jul,30,2024-07-23,Positivo,Atendimento,`` loja bonita organizada meninas simpáticas '',promotor
449,2024,L5235-LOUVEIRA,jul,30,2024-07-23,Detrator,Preço,`` sempre falo vcs ...... parabéns '',promotor
450,2024,L5235-LOUVEIRA,jul,30,2024-07-23,Detrator,Estoque,não dão desconto nada cashback trocando local comprar ultimamente .. l,detrator
451,2024,L5235-LOUVEIRA,jul,30,2024-07-24,Positivo,Variedade dos Produtos,adoro comprar swift,promotor
452,2024,L5235-LOUVEIRA,jul,30,2024-07-24,Positivo,Limpeza,loja boa,promotor
453,2024,L5235-LOUVEIRA,jul,30,2024-07-24,Positivo,Atendimento,loja organizada atendimento excelente,promotor
454,2024,L5235-LOUVEIRA,jul,30,2024-07-24,Positivo,Estoque,mantendo valores coisas caso contrario partimos outro muitos amigo disseram,promotor
455,2024,L5235-LOUVEIRA,jul,30,2024-07-24,Detrator,Preço,nenhuma sugestão,promotor
456,2024,L5235-LOUVEIRA,jul,30,2024-07-25,Positivo,Atendimento,loja produtos qualidade ótimo atendimento,promotor
457,2024,L5235-LOUVEIRA,jul,30,2024-07-25,Positivo,Atendimento,loja limpinha atendente educados produtos qualidade,promotor
458,2024,L5235-LOUVEIRA,jul,30,2024-07-25,Positivo,Atendimento,loja organizada ótimo atendimentos produtos incriveis,promotor
459,2024,L5235-LOUVEIRA,jul,30,2024-07-25,Positivo,Variedade dos Produtos,maravilhoso produtos gostei,promotor
460,2024,L5235-LOUVEIRA,jul,30,2024-07-25,Neutro,Preço,preços ótimo cabe bolso,promotor
461,2024,L5235-LOUVEIRA,jul,30,2024-07-25,Positivo,Estoque,produto qualidade,promotor
462,2024,L5235-LOUVEIRA,jul,30,2024-07-25,Positivo,Variedade dos Produtos,produtos qualidade,promotor
463,2024,L5235-LOUVEIRA,jul,30,2024-07-25,Positivo,Estoque,produtos bom,promotor
464,2024,L5235-LOUVEIRA,jul,31,2024-07-29,Detrator,Variedade dos Produtos,falta lista produtos disponibilizados `` einsbein '' corte joelho porco alemão tem cortes suínos deveriam ter corte específico,detrator
465,2024,L5235-LOUVEIRA,ago,31,2024-08-02,Positivo,Atendimento,atendeu necessidade,promotor
466,2024,L5235-LOUVEIRA,ago,32,2024-08-06,Positivo,Atendimento,oferecer descontos exclusivos clientes assíduos,promotor
467,2024,L5235-LOUVEIRA,ago,32,2024-08-07,Positivo,Estoque,`` gosto comprar '',promotor
468,2024,L5235-LOUVEIRA,ago,32,2024-08-10,Positivo,Atendimento,excelente atendimento loja louveira sp,promotor
469,2024,L5235-LOUVEIRA,ago,32,2024-08-11,Detrator,Estoque,tirando gerente soberba faz diferença pessoas atendimento atendentes ótimos dá gerente deixa desejar arrogante soberba não sabe líder equipe trabalho clientes aliás vai compra muitas coisas não swift passa treinamento,promotor
470,2024,L5235-LOUVEIRA,ago,33,2024-08-12,Detrator,Preço,`` dar abaixada preço ``,promotor
471,2024,L5235-LOUVEIRA,ago,33,2024-08-13,Positivo,Variedade dos Produtos,promoções exclusivas clientes cadastro,promotor
472,2024,L5235-LOUVEIRA,ago,33,2024-08-14,Positivo,Estoque,melhor empresa conheço,promotor
473,2024,L5235-LOUVEIRA,ago,33,2024-08-14,Positivo,Atendimento,atendimento bom loja super organizada,promotor
474,2024,L5235-LOUVEIRA,ago,33,2024-08-14,Positivo,Estoque,tudo perfeito boa loja atendimento especial parabéns loja toda equipe,promotor
475,2024,L5235-LOUVEIRA,ago,33,2024-08-14,Positivo,Estoque,fazendo sempre promoção,promotor
476,2024,L5235-LOUVEIRA,ago,33,2024-08-17,Positivo,Estoque,mantendo ótimo serviço,promotor
477,2024,L5235-LOUVEIRA,ago,33,2024-08-18,Detrator,Atendimento,atendimento desta nova gerente zero não assim swift ensina soberba arrogante não sabe nada sobre produtos pedi ajuda atendente sim sabe todos core,detrator
478,2024,L5235-LOUVEIRA,ago,34,2024-08-19,Positivo,Estoque,melhor lugar aqui louveira,promotor
479,2024,L5235-LOUVEIRA,ago,34,2024-08-19,Positivo,Estoque,boa loja bom recpicionamento temos cliente amei fazendo todos sábados pra clientes tomar cafezinho bolinho prazeroso,promotor
480,2024,L5235-LOUVEIRA,ago,34,2024-08-19,Positivo,Atendimento,bom loja atendimento nota 10,promotor
481,2024,L5235-LOUVEIRA,ago,34,2024-08-20,Positivo,Estoque,loja boa ia legal colocasse refrigerante evitaria pegar filum supermercado loja boa preços,promotor
482,2024,L5235-LOUVEIRA,ago,34,2024-08-20,Neutro,Estoque,preço acessivel alguns produtos bem acima outras marcas,neutro
483,2024,L5235-LOUVEIRA,ago,34,2024-08-24,Detrator,Estoque,produtos linha combo extremamente ruin não conduzem produtos swift,detrator
484,2024,L5235-LOUVEIRA,ago,35,2024-08-27,Positivo,Preço,divulgando promoções,promotor
485,2024,L5235-LOUVEIRA,ago,35,2024-08-27,Positivo,Atendimento,tudo maravilhoso atendimentos bom,promotor
486,2024,L5235-LOUVEIRA,ago,35,2024-08-29,Positivo,Atendimento,atendimento louveira melhor toda lojas,promotor
487,2024,L5235-LOUVEIRA,ago,35,2024-08-29,Positivo,Atendimento,atendimento incrível,promotor
488,2024,L5235-LOUVEIRA,ago,35,2024-08-29,Positivo,Atendimento,bom atendimento,promotor
489,2024,L5235-LOUVEIRA,ago,35,2024-08-29,Positivo,Limpeza,loja limpa organizada,promotor
490,2024,L5235-LOUVEIRA,ago,35,2024-08-29,Positivo,Limpeza,loja maravilhosa,promotor
491,2024,L5235-LOUVEIRA,ago,35,2024-08-29,Positivo,Estoque,bom produtos,promotor
492,2024,L5235-LOUVEIRA,ago,35,2024-08-29,Positivo,Atendimento,parabéns pra toda equipe louveira melhor atendimento,promotor
493,2024,L5235-LOUVEIRA,ago,35,2024-08-30,Positivo,Estoque,`` bom assim localização boa gosto produtos atendimento ``,promotor
494,2024,L5235-LOUVEIRA,ago,35,2024-08-30,Positivo,Atendimento,loja organizada toda atendentes atenciosas,promotor
495,2024,L5235-LOUVEIRA,ago,35,2024-08-31,Positivo,Estoque,acho bom,promotor
496,2024,L5235-LOUVEIRA,set,36,2024-09-02,Detrator,Nada a Declarar,ótimo,promotor
497,2024,L5235-LOUVEIRA,set,36,2024-09-04,Positivo,Atendimento,amo atendimento meninas atenciosas alegres,promotor
498,2024,L5235-LOUVEIRA,set,36,2024-09-06,Neutro,Variedade dos Produtos,abaixar pouco precio pe salmon etc,promotor
499,2024,L5235-LOUVEIRA,set,36,2024-09-06,Neutro,Variedade dos Produtos,cortes black poderiam manter toda opções loja ter opção encomenda nunca sei irei encontrar não,promotor
500,2024,L5235-LOUVEIRA,set,37,2024-09-12,Positivo,Atendimento,sempre faço compras swift adoro atendimento organização loja,promotor
501,2024,L5235-LOUVEIRA,set,37,2024-09-13,Positivo,Preço,realizar promoções,promotor
502,2024,L5235-LOUVEIRA,set,37,2024-09-14,Positivo,Atendimento,loja incrível super organizada atendimento excelente swift louveira melhor região,promotor
503,2024,L5235-LOUVEIRA,set,37,2024-09-14,Positivo,Atendimento,tudo dentro necessidades,promotor
504,2024,L5235-LOUVEIRA,set,38,2024-09-16,Detrator,Estoque,mandando un cupons desconto cliente,promotor
505,2024,L5235-LOUVEIRA,set,38,2024-09-16,Positivo,Estoque,parabéns ter bons especializados funcionarios grande variedades produtos todos qualidade satisfeito,promotor
506,2024,L5235-LOUVEIRA,set,38,2024-09-16,Neutro,Variedade dos Produtos,legal ter refrigerantes legal tambpem ter algum programa pontos conseguir descontos,promotor
507,2024,L5235-LOUVEIRA,set,38,2024-09-20,Detrator,Outros,desconto pix acumular pontos trocar brindes não precisa melhorar nada ótimo,promotor
508,2024,L5235-LOUVEIRA,set,39,2024-09-23,Detrator,Variedade dos Produtos,ja comprei outras vezes vou tentar avaliar tudo aqui vcs possam melhorar 1 fiz cadastro caixa algumas semanas neste final semana nao cadastrado nao fiz mesma loja pc caixa serum vou ter faze-lo outra vez voltar la toda vez serum 2 disposição carnes confusa sei poderia bem pior ainda ta longe fácil escolha produtos devia ter alguma informaçao produto tem cada refrigerador talvez mapa guia loja cliquando precisa onde encontrar 3- pedi carne moida algo horrivel esbranquiçado parecendo raçao peixe algo sinceramente horrivelll comida deve bem vista pra cliente possa ver comprar carne moida vcs raçao peixe acabei comprando atendimento vendedora carne apesar bem gordurosa boa condicionamento terrivel kkk fica dica acho pontos sao `` interessantes '' comentar vcs leve algo construtivo nao hater `` perdendo '' tempo pra escrever pra algo melhore agradeço oportunidade boa vendas,promotor
509,2024,L5235-LOUVEIRA,set,39,2024-09-28,Neutro,Preço,preços caros promoções compensam,promotor
510,2024,L5235-LOUVEIRA,set,39,2024-09-29,Positivo,Limpeza,conheci loja vinhedo loja jundiaí loja louveira melhor atendimento limpeza parabéns funcionários,promotor
511,2024,L5235-LOUVEIRA,set,40,2024-09-30,Detrator,Estoque,falta corte joelho porco `` einsbein '' corte alemão absurdo ter tanta variedade não terem simple corte perna porco,promotor
512,2024,L5235-LOUVEIRA,out,40,2024-10-01,Neutro,Variedade dos Produtos,gostaria preços acessíveis poder comprar vezes poderia criar algum tipo fidelidade gerasse descontos futuras compras,neutro
513,2024,L5235-LOUVEIRA,out,40,2024-10-02,Neutro,Estoque,compro loja louveira ótimo atendimento parabéns,promotor
514,2024,L5235-LOUVEIRA,out,40,2024-10-02,Detrator,Variedade dos Produtos,"sugiro preço abaixo concorrentes promoções casadas desmotivadoras tipo 800 gr tilapia 39,90 leve doi pacotes 33,90. não quero levar 02 pacotes quero pagar 33,90 poder levar outros produtos diferentes precisa ter promoção incentivar consumidor compra casada sugiro pontos fidelidade obtermos descontos compras",neutro
515,2024,L5235-LOUVEIRA,out,40,2024-10-03,Detrator,Estoque,melhor impossível porque nota 1000 todos quesitos,promotor
516,2024,L5235-LOUVEIRA,out,40,2024-10-04,Positivo,Atendimento,tô gostando time atual,promotor
517,2024,L5235-LOUVEIRA,out,40,2024-10-06,Detrator,Estoque,retirar produtos velhos,detrator
518,2024,L5235-LOUVEIRA,out,41,2024-10-07,Positivo,Variedade dos Produtos,fazer promoções alguns cortes,promotor
519,2024,L5235-LOUVEIRA,out,41,2024-10-08,Positivo,Atendimento,atendimento ótimo rápido,promotor
520,2024,L5235-LOUVEIRA,out,41,2024-10-08,Neutro,Estoque,ideal sempre desconto sei não depende totalmente então tudo bem,promotor
521,2024,L5235-LOUVEIRA,out,41,2024-10-08,Detrator,Preço,preços subiram,promotor
522,2024,L5235-LOUVEIRA,out,41,2024-10-11,Positivo,Atendimento,atendimento bom,promotor
523,2024,L5235-LOUVEIRA,out,41,2024-10-11,Neutro,Atendimento,atendimento ótimo,promotor
524,2024,L5235-LOUVEIRA,out,41,2024-10-11,Neutro,Outros,sempre bom melhorar mim ótimo,promotor
525,2024,L5235-LOUVEIRA,out,42,2024-10-15,Positivo,Variedade dos Produtos,ter promoção produtos,promotor
526,2024,L5235-LOUVEIRA,out,43,2024-10-21,Positivo,Variedade dos Produtos,boa tarde loja louveira sp organizada funcionárias atenciosas gentis,promotor
527,2024,L5235-LOUVEIRA,out,44,2024-10-28,Positivo,Atendimento,excelente atendimento recebido loja louveira sp prestativos solícitos atenciosos,promotor
528,2024,L5235-LOUVEIRA,out,44,2024-10-28,Neutro,Limpeza,faltou alguns itens loja louveira,promotor
529,2024,L5235-LOUVEIRA,out,44,2024-10-29,Positivo,Estoque,cliente assíduo cada vez deverei permanecer poi produtos extremum qualidade,promotor
530,2024,L5235-LOUVEIRA,out,44,2024-10-30,Positivo,Atendimento,tudo ótimo funcionários maravilhosos,promotor
531,2024,L5235-LOUVEIRA,nov,45,2024-11-05,Positivo,Variedade dos Produtos,excelente atendimento variedade produtos gostei degustação comprei doi combo,promotor
532,2024,L5235-LOUVEIRA,nov,45,2024-11-05,Neutro,Preço,sempre busco preços justos aliados qualidade gostaria promoções,promotor
533,2024,L5235-LOUVEIRA,nov,45,2024-11-08,Neutro,Variedade dos Produtos,gostaria ganhar bolsa térmica ️,promotor
534,2024,L5235-LOUVEIRA,nov,45,2024-11-10,Detrator,Variedade dos Produtos,vou bem sincera peço ajudar não tipo vc pode mim mandar boleto agora nada lu vc falou vc não ia deixar ninguém desamparada,neutro
535,2024,L5235-LOUVEIRA,nov,46,2024-11-12,Neutro,Preço,possivel deixar produtos acessiveis financeiramente,neutro
536,2024,L5235-LOUVEIRA,nov,46,2024-11-15,Positivo,Preço,realizando promoções,promotor
537,2024,L5235-LOUVEIRA,nov,47,2024-11-18,Positivo,Acesso,sorteando brindes clientes,promotor
538,2024,L5235-LOUVEIRA,nov,47,2024-11-18,Detrator,Estoque,poderiam melhor espetinho carne poi toda vez pegamos vem despedaçando faltando pedaço espeto horrível assar íamos comprar espetinhos aniversário porém espeto carne deixando desejar sabor maravilhoso porém hora assar separar descongela problema,detrator
539,2024,L5235-LOUVEIRA,nov,47,2024-11-20,Positivo,Limpeza,loja perfeita,promotor
540,2024,L5235-LOUVEIRA,nov,47,2024-11-21,Detrator,Estoque,promoções não atrativas infelizmente comprei produtos porque não tinha tempo passar outro lugar,promotor
541,2024,L5235-LOUVEIRA,nov,47,2024-11-22,Positivo,Limpeza,loja maravilhosa,promotor
542,2024,L5235-LOUVEIRA,nov,47,2024-11-22,Neutro,Estoque,falta algum plano fidelidade descontos,neutro
543,2024,L5235-LOUVEIRA,nov,48,2024-11-25,Positivo,Atendimento,loja bem organizada,promotor
544,2024,L5235-LOUVEIRA,nov,48,2024-11-25,Detrator,Preço,não encontro asinha frango barbecue,detrator
545,2024,L5235-LOUVEIRA,nov,48,2024-11-27,Positivo,Nada a Declarar,tudo ótimo,promotor
546,2024,L5235-LOUVEIRA,nov,48,2024-11-29,Detrator,Estoque,não encontro linha cortes joelho porco einsbein super procurado recomendo apenas adicionar corte kasler corte alemão linha produtos qualquer supermercado encontra corte entretanto swift não encontro grato,promotor
547,2024,L5235-LOUVEIRA,dez,48,2024-12-01,Positivo,Nada a Declarar,tá perfeito,promotor
548,2024,L5235-LOUVEIRA,dez,49,2024-12-02,Positivo,Estoque,atendente deu aula sobre toda picanhas disponíveis legal,promotor
549,2024,L5235-LOUVEIRA,dez,49,2024-12-02,Positivo,Estoque,abaixando valores,promotor
550,2024,L5235-LOUVEIRA,dez,49,2024-12-03,Positivo,Atendimento,adorei variedade atendimento voltarei recomendo certeza,promotor
551,2024,L5235-LOUVEIRA,dez,49,2024-12-03,Positivo,Preço,realizar promoções,promotor
552,2024,L5235-LOUVEIRA,dez,49,2024-12-05,Positivo,Estoque,acho bom assim gosto comprar loja louveira atenção boa qualidade produtos ótima parabéns,promotor
553,2024,L5235-LOUVEIRA,dez,49,2024-12-08,Positivo,Estoque,desde 04/12/24 aguardando reembolso,detrator
554,2024,L5235-LOUVEIRA,dez,50,2024-12-09,Positivo,Estoque,equipe louveira maravilhosa,promotor
555,2024,L5235-LOUVEIRA,dez,50,2024-12-11,Positivo,Atendimento,atendimento perfeito,promotor
556,2024,L5235-LOUVEIRA,dez,50,2024-12-11,Positivo,Estoque,loja perfeita não compro nenhuma outra loja loja louveira agentes gerente atende bem pra cliente importante parabéns islane michele paola gerente priscila continuem assim atendimento perfeito,promotor
557,2024,L5235-LOUVEIRA,dez,50,2024-12-11,Neutro,Variedade dos Produtos,tem atendente atenciosa difícil atender todos,promotor
558,2024,L5235-LOUVEIRA,dez,50,2024-12-12,Neutro,Atendimento,tudo otimo trazer opções tempero,promotor
559,2024,L5235-LOUVEIRA,dez,50,2024-12-15,Neutro,Variedade dos Produtos,atendimento unidade louveira eh sempre bom ob referente torresmo pré frito dessa vez salgado,promotor
560,2024,L5235-LOUVEIRA,dez,50,2024-12-15,Positivo,Nada a Declarar,tá tudo perfeito ótimo atendimento tudo parabéns á todos,promotor
561,2024,L5235-LOUVEIRA,dez,51,2024-12-16,Positivo,Estoque,parabéns qualidade variação produtos boa promoções preço justo,promotor
562,2024,L5235-LOUVEIRA,dez,51,2024-12-18,Neutro,Atendimento,possibilitar avaliação escolha positivo negativo exemplo daria 8 preços tive dar positivo opinião representa 10,promotor
563,2024,L5235-LOUVEIRA,dez,51,2024-12-18,Positivo,Estoque,realmente fidelizado swift encontramos opções ótimas agora linha vai direto forno crescendo cada vez parabens,promotor
564,2024,L5235-LOUVEIRA,dez,52,2024-12-24,Neutro,Variedade dos Produtos,parabéns equipe swift terem acrescentado linha produtos corte alemão joelho porco einsbein após incansáveis solicitações sugestões enfim encontrei estoque loja louveira sp fim consegui comprar somente dica revisão preço final vendas poi achei extremamente elevado corte segunda osso nova sugestão analisarem concorrência podem comparar valores praticados menores enfim qualquer forma agora consigo adquirir tão esperado corte einsbein swift grato,promotor
565,2024,L5235-LOUVEIRA,dez,52,2024-12-26,Positivo,Variedade dos Produtos,loja louveira tem melhores atendimentos rede vcs sempre colaboradores prestativos pronto tirar qualquer dúvida,promotor
566,2024,L5235-LOUVEIRA,dez,52,2024-12-26,Positivo,Estoque,atendimento moça trabalha lá bom ajudou escolha carnes gentil mulher saímos satisfeitos,promotor
567,2024,L5235-LOUVEIRA,dez,52,2024-12-26,Neutro,Acesso,ofertas,neutro
568,2024,L5235-LOUVEIRA,dez,52,2024-12-27,Detrator,Variedade dos Produtos,mantendo mesma atenção clientes considero atenção colaboradores espetáculo,promotor
569,2024,L5235-LOUVEIRA,dez,1,2024-12-30,Positivo,Nada a Declarar,tudo perfeito ótima gerente,promotor
